The copyright to the intellectual property of this file is held by www.climatedata.info,,
Title,"Temperature, CO2 and Milankovitch cycles - Vostok",
Source,: http://www.ncdc.noaa.gov/paleo/indexice.html,
Source,http://www1.ncdc.noaa.gov/pub/data/paleo/climate_forcing/orbital_variations/berger_insolation/,
BP,Temp,CO2
-414000,0.837,285.26
-413900,0.827,284.977
-413800,0.818,284.694
-413700,0.809,284.412
-413600,0.801,284.129
-413500,0.852,283.846
-413400,0.904,283.563
-413300,0.956,283.281
-413200,1.008,282.998
-413100,1.06,282.715
-413000,1.088,282.432
-412900,1.101,282.15
-412800,1.115,281.867
-412700,1.128,281.584
-412600,1.141,281.302
-412500,1.155,281.019
-412400,1.17,280.736
-412300,1.186,280.453
-412200,1.201,280.171
-412100,1.216,279.888
-412000,1.232,279.605
-411900,1.253,279.322
-411800,1.274,279.04
-411700,1.296,278.757
-411600,1.317,278.474
-411500,1.338,278.191
-411400,1.327,277.909
-411300,1.314,277.626
-411200,1.3,277.343
-411100,1.287,277.061
-411000,1.273,276.778
-410900,1.407,276.495
-410800,1.58,276.427
-410700,1.754,276.836
-410600,1.927,277.245
-410500,2.101,277.654
-410400,2.047,278.063
-410300,1.946,278.472
-410200,1.846,278.881
-410100,1.745,279.29
-410000,1.645,279.699
-409900,1.571,280.108
-409800,1.499,280.518
-409700,1.427,280.927
-409600,1.355,281.336
-409500,1.283,281.745
-409400,1.25,282.154
-409300,1.218,282.563
-409200,1.186,282.972
-409100,1.154,283.381
-409000,1.123,283.672
-408900,1.087,283.546
-408800,1.052,283.421
-408700,1.016,283.295
-408600,0.981,283.169
-408500,0.945,283.043
-408400,0.925,282.917
-408300,0.907,282.791
-408200,0.89,282.665
-408100,0.872,282.54
-408000,0.854,282.414
-407900,0.829,282.288
-407800,0.801,282.162
-407700,0.774,282.036
-407600,0.746,281.91
-407500,0.719,281.784
-407400,0.68,281.659
-407300,0.637,281.533
-407200,0.594,281.407
-407100,0.551,281.281
-407000,0.508,281.155
-406900,0.47,281.029
-406800,0.435,280.903
-406700,0.4,280.777
-406600,0.365,280.652
-406500,0.331,280.526
-406400,0.3,280.4
-406300,0.275,280.274
-406200,0.25,280.148
-406100,0.224,280.022
-406000,0.199,279.896
-405900,0.168,279.771
-405800,0.114,279.686
-405700,0.06,279.655
-405600,0.007,279.624
-405500,-0.047,279.593
-405400,-0.1,279.562
-405300,-0.134,279.531
-405200,-0.169,279.499
-405100,-0.203,279.468
-405000,-0.237,279.437
-404900,-0.271,279.406
-404800,-0.293,279.375
-404700,-0.31,279.343
-404600,-0.327,279.312
-404500,-0.344,279.281
-404400,-0.361,279.25
-404300,-0.388,279.219
-404200,-0.428,279.188
-404100,-0.467,279.156
-404000,-0.507,279.125
-403900,-0.546,279.094
-403800,-0.592,279.063
-403700,-0.672,279.032
-403600,-0.752,279.001
-403500,-0.831,278.969
-403400,-0.911,278.938
-403300,-0.991,278.907
-403200,-1.041,278.876
-403100,-1.081,278.845
-403000,-1.121,278.814
-402900,-1.161,278.782
-402800,-1.201,278.751
-402700,-1.232,278.72
-402600,-1.237,278.689
-402500,-1.242,278.658
-402400,-1.248,278.627
-402300,-1.253,278.595
-402200,-1.259,278.564
-402100,-1.235,278.533
-402000,-1.204,278.502
-401900,-1.173,278.471
-401800,-1.141,278.44
-401700,-1.11,278.408
-401600,-1.095,278.377
-401500,-1.11,278.346
-401400,-1.125,278.315
-401300,-1.14,278.284
-401200,-1.155,278.253
-401100,-1.17,278.221
-401000,-1.243,278.19
-400900,-1.318,278.159
-400800,-1.394,278.128
-400700,-1.469,278.097
-400600,-1.545,278.066
-400500,-1.586,278.034
-400400,-1.597,278.003
-400300,-1.608,277.919
-400200,-1.619,277.83
-400100,-1.629,277.74
-400000,-1.64,277.65
-399900,-1.642,277.56
-399800,-1.644,277.471
-399700,-1.646,277.381
-399600,-1.647,277.291
-399500,-1.649,277.201
-399400,-1.653,277.112
-399300,-1.659,277.022
-399200,-1.664,276.932
-399100,-1.67,276.842
-399000,-1.675,276.753
-398900,-1.684,276.663
-398800,-1.728,276.573
-398700,-1.772,276.483
-398600,-1.815,276.394
-398500,-1.859,276.304
-398400,-1.903,276.214
-398300,-1.943,276.124
-398200,-1.981,276.035
-398100,-2.019,275.945
-398000,-2.057,275.855
-397900,-2.095,275.765
-397800,-2.131,275.676
-397700,-2.144,275.586
-397600,-2.156,275.496
-397500,-2.169,275.406
-397400,-2.181,275.317
-397300,-2.194,275.227
-397200,-2.232,275.137
-397100,-2.293,275.047
-397000,-2.354,274.958
-396900,-2.415,274.868
-396800,-2.476,274.778
-396700,-2.536,274.648
-396600,-2.583,274.245
-396500,-2.629,273.842
-396400,-2.675,273.439
-396300,-2.72,273.036
-396200,-2.766,272.633
-396100,-2.828,272.23
-396000,-2.936,271.828
-395900,-3.044,271.425
-395800,-3.152,271.022
-395700,-3.26,270.619
-395600,-3.368,270.216
-395500,-3.487,269.813
-395400,-3.618,269.41
-395300,-3.75,269.007
-395200,-3.881,268.605
-395100,-4.013,268.202
-395000,-4.144,267.799
-394900,-4.273,267.396
-394800,-4.397,266.993
-394700,-4.521,266.59
-394600,-4.645,266.093
-394500,-4.769,265.353
-394400,-4.892,264.614
-394300,-5.016,263.874
-394200,-5.076,263.135
-394100,-5.133,262.395
-394000,-5.191,261.656
-393900,-5.248,260.916
-393800,-5.306,260.177
-393700,-5.363,259.437
-393600,-5.395,258.697
-393500,-5.382,257.958
-393400,-5.368,257.218
-393300,-5.354,256.479
-393200,-5.341,255.739
-393100,-5.327,255
-393000,-5.314,254.26
-392900,-5.295,253.521
-392800,-5.273,252.781
-392700,-5.252,252.042
-392600,-5.23,251.302
-392500,-5.209,250.562
-392400,-5.188,250.337
-392300,-5.181,250.606
-392200,-5.246,250.874
-392100,-5.312,251.143
-392000,-5.377,251.411
-391900,-5.442,251.68
-391800,-5.507,251.948
-391700,-5.573,252.217
-391600,-5.579,252.485
-391500,-5.542,252.754
-391400,-5.506,253.022
-391300,-5.47,253.291
-391200,-5.433,253.559
-391100,-5.397,253.828
-391000,-5.36,254.096
-390900,-5.357,254.365
-390800,-5.354,254.633
-390700,-5.351,254.902
-390600,-5.348,255.171
-390500,-5.345,255.291
-390400,-5.342,255.393
-390300,-5.348,255.496
-390200,-5.363,255.598
-390100,-5.378,255.7
-390000,-5.394,255.802
-389900,-5.409,255.905
-389800,-5.425,256.007
-389700,-5.44,256.109
-389600,-5.382,256.211
-389500,-5.324,256.313
-389400,-5.266,256.416
-389300,-5.208,256.518
-389200,-5.15,256.62
-389100,-5.093,256.722
-389000,-5.065,256.825
-388900,-5.057,256.927
-388800,-5.049,257.029
-388700,-5.041,257.131
-388600,-5.033,257.234
-388500,-5.025,257.336
-388400,-5.041,257.438
-388300,-5.101,257.54
-388200,-5.162,257.643
-388100,-5.222,257.745
-388000,-5.282,257.847
-387900,-5.342,257.949
-387800,-5.4,258.052
-387700,-5.41,258.154
-387600,-5.419,258.256
-387500,-5.429,258.358
-387400,-5.438,258.461
-387300,-5.447,258.563
-387200,-5.457,258.665
-387100,-5.48,258.767
-387000,-5.51,258.87
-386900,-5.539,258.972
-386800,-5.569,259.074
-386700,-5.599,259.176
-386600,-5.629,259.279
-386500,-5.637,259.556
-386400,-5.591,259.879
-386300,-5.546,260.202
-386200,-5.5,260.526
-386100,-5.454,260.849
-386000,-5.408,261.172
-385900,-5.363,261.496
-385800,-5.233,261.819
-385700,-5.097,262.142
-385600,-4.962,262.466
-385500,-4.827,262.789
-385400,-4.692,263.112
-385300,-4.556,263.436
-385200,-4.473,263.759
-385100,-4.397,264.082
-385000,-4.321,264.406
-384900,-4.245,264.668
-384800,-4.169,264.312
-384700,-4.084,263.955
-384600,-3.928,263.599
-384500,-3.772,263.243
-384400,-3.616,262.886
-384300,-3.46,262.53
-384200,-3.304,262.174
-384100,-3.156,261.817
-384000,-3.013,261.461
-383900,-2.87,261.105
-383800,-2.727,260.748
-383700,-2.584,260.392
-383600,-2.518,260.036
-383500,-2.561,259.679
-383400,-2.605,259.323
-383300,-2.648,258.967
-383200,-2.691,258.61
-383100,-2.733,258.254
-383000,-2.772,257.898
-382900,-2.811,257.541
-382800,-2.85,257.185
-382700,-2.89,256.829
-382600,-2.953,256.472
-382500,-3.105,256.116
-382400,-3.257,255.76
-382300,-3.409,255.403
-382200,-3.561,255.047
-382100,-3.712,254.691
-382000,-3.778,254.334
-381900,-3.838,253.978
-381800,-3.899,253.622
-381700,-3.96,253.265
-381600,-4.02,252.909
-381500,-4.075,252.553
-381400,-4.124,252.196
-381300,-4.172,251.84
-381200,-4.221,251.484
-381100,-4.27,251.127
-381000,-4.319,250.771
-380900,-4.382,250.415
-380800,-4.446,250.058
-380700,-4.51,249.702
-380600,-4.574,249.346
-380500,-4.638,248.989
-380400,-4.692,248.633
-380300,-4.727,248.277
-380200,-4.762,247.92
-380100,-4.797,247.564
-380000,-4.832,247.208
-379900,-4.867,246.851
-379800,-4.852,246.495
-379700,-4.808,246.139
-379600,-4.764,245.923
-379500,-4.72,245.992
-379400,-4.675,246.062
-379300,-4.631,246.131
-379200,-4.57,246.201
-379100,-4.509,246.27
-379000,-4.448,246.34
-378900,-4.386,246.409
-378800,-4.325,246.479
-378700,-4.244,246.548
-378600,-4.137,246.618
-378500,-4.03,246.687
-378400,-3.923,246.757
-378300,-3.816,246.826
-378200,-3.706,246.896
-378100,-3.562,246.722
-378000,-3.418,246.532
-377900,-3.275,246.342
-377800,-3.131,246.152
-377700,-2.991,245.962
-377600,-3.047,245.772
-377500,-3.104,245.582
-377400,-3.16,245.392
-377300,-3.216,245.202
-377200,-3.276,245.012
-377100,-3.432,244.822
-377000,-3.588,244.632
-376900,-3.743,244.442
-376800,-3.899,244.252
-376700,-4.054,244.063
-376600,-4.151,243.873
-376500,-4.24,243.683
-376400,-4.33,243.493
-376300,-4.42,243.303
-376200,-4.51,243.113
-376100,-4.603,242.923
-376000,-4.699,242.733
-375900,-4.795,242.543
-375800,-4.891,242.353
-375700,-4.988,242.163
-375600,-5.081,241.973
-375500,-5.113,241.783
-375400,-5.145,241.594
-375300,-5.177,241.404
-375200,-5.209,241.214
-375100,-5.241,241.024
-375000,-5.265,240.834
-374900,-5.278,240.644
-374800,-5.29,240.454
-374700,-5.302,240.264
-374600,-5.315,240.074
-374500,-5.327,239.487
-374400,-5.375,238.647
-374300,-5.433,237.807
-374200,-5.491,236.966
-374100,-5.549,236.126
-374000,-5.607,235.286
-373900,-5.664,234.445
-373800,-5.705,233.605
-373700,-5.747,232.765
-373600,-5.788,231.924
-373500,-5.83,231.084
-373400,-5.871,230.244
-373300,-5.913,229.403
-373200,-5.956,228.563
-373100,-5.999,227.723
-373000,-6.041,227.011
-372900,-6.084,227.089
-372800,-6.127,227.167
-372700,-6.183,227.246
-372600,-6.255,227.324
-372500,-6.327,227.402
-372400,-6.399,227.48
-372300,-6.471,227.559
-372200,-6.543,227.637
-372100,-6.587,227.715
-372000,-6.602,227.793
-371900,-6.617,227.872
-371800,-6.632,227.95
-371700,-6.647,228.028
-371600,-6.662,228.106
-371500,-6.598,228.185
-371400,-6.439,228.263
-371300,-6.281,228.341
-371200,-6.122,228.419
-371100,-5.963,228.498
-371000,-5.804,228.576
-370900,-5.706,228.654
-370800,-5.648,228.732
-370700,-5.591,228.81
-370600,-5.533,228.889
-370500,-5.476,228.967
-370400,-5.419,229.045
-370300,-5.384,229.123
-370200,-5.349,229.202
-370100,-5.314,229.28
-370000,-5.28,229.358
-369900,-5.245,229.436
-369800,-5.154,229.515
-369700,-5.023,229.593
-369600,-4.892,229.671
-369500,-4.761,229.417
-369400,-4.63,228.968
-369300,-4.509,228.52
-369200,-4.407,228.071
-369100,-4.305,227.622
-369000,-4.204,227.173
-368900,-4.102,226.724
-368800,-4.055,226.275
-368700,-4.141,225.827
-368600,-4.227,225.378
-368500,-4.313,224.929
-368400,-4.399,224.48
-368300,-4.489,224.031
-368200,-4.588,223.582
-368100,-4.688,223.134
-368000,-4.787,222.685
-367900,-4.886,222.236
-367800,-4.967,221.787
-367700,-4.945,221.338
-367600,-4.924,220.889
-367500,-4.903,220.441
-367400,-4.882,219.992
-367300,-4.861,219.543
-367200,-4.856,219.094
-367100,-4.852,218.645
-367000,-4.848,218.196
-366900,-4.845,217.748
-366800,-4.841,217.299
-366700,-4.887,216.85
-366600,-4.943,216.401
-366500,-4.999,215.952
-366400,-5.055,215.503
-366300,-5.111,215.055
-366200,-5.165,214.622
-366100,-5.216,214.252
-366000,-5.268,213.881
-365900,-5.319,213.511
-365800,-5.371,213.14
-365700,-5.439,212.77
-365600,-5.528,212.399
-365500,-5.618,212.029
-365400,-5.708,211.658
-365300,-5.797,211.288
-365200,-5.885,210.917
-365100,-5.945,210.547
-365000,-6.005,210.177
-364900,-6.065,209.806
-364800,-6.125,209.436
-364700,-6.185,209.065
-364600,-6.17,208.695
-364500,-6.102,208.324
-364400,-6.034,207.954
-364300,-5.966,207.583
-364200,-5.898,207.213
-364100,-5.837,206.842
-364000,-5.814,206.472
-363900,-5.792,206.101
-363800,-5.769,205.731
-363700,-5.747,205.36
-363600,-5.724,204.99
-363500,-5.791,204.619
-363400,-5.881,204.249
-363300,-5.97,203.878
-363200,-6.059,203.508
-363100,-6.148,203.137
-363000,-6.177,202.767
-362900,-6.121,202.396
-362800,-6.065,202.026
-362700,-6.01,201.997
-362600,-5.954,202.143
-362500,-5.899,202.289
-362400,-5.879,202.435
-362300,-5.858,202.581
-362200,-5.837,202.728
-362100,-5.816,202.874
-362000,-5.796,203.02
-361900,-5.852,203.166
-361800,-5.936,203.312
-361700,-6.02,203.459
-361600,-6.105,203.605
-361500,-6.189,203.751
-361400,-6.226,203.897
-361300,-6.19,204.043
-361200,-6.155,204.19
-361100,-6.119,204.336
-361000,-6.084,204.482
-360900,-6.049,204.628
-360800,-6.018,204.774
-360700,-5.988,204.921
-360600,-5.958,205.067
-360500,-5.928,205.213
-360400,-5.897,205.359
-360300,-5.877,205.505
-360200,-5.86,205.652
-360100,-5.842,205.798
-360000,-5.825,205.944
-359900,-5.808,206.09
-359800,-5.864,206.236
-359700,-5.979,206.382
-359600,-6.095,206.239
-359500,-6.21,206.057
-359400,-6.326,205.875
-359300,-6.421,205.692
-359200,-6.464,205.51
-359100,-6.507,205.327
-359000,-6.549,205.145
-358900,-6.592,204.962
-358800,-6.634,204.78
-358700,-6.6,204.597
-358600,-6.554,204.415
-358500,-6.507,204.232
-358400,-6.461,204.05
-358300,-6.415,203.868
-358200,-6.407,203.685
-358100,-6.442,203.503
-358000,-6.478,203.32
-357900,-6.513,203.138
-357800,-6.549,202.955
-357700,-6.589,202.773
-357600,-6.668,202.59
-357500,-6.747,202.408
-357400,-6.826,202.225
-357300,-6.905,202.043
-357200,-6.984,201.861
-357100,-7.038,201.678
-357000,-7.079,201.496
-356900,-7.121,201.313
-356800,-7.162,201.071
-356700,-7.204,200.732
-356600,-7.233,200.393
-356500,-7.179,200.055
-356400,-7.125,199.716
-356300,-7.07,199.377
-356200,-7.016,199.038
-356100,-6.962,198.699
-356000,-6.961,198.36
-355900,-6.995,198.021
-355800,-7.03,197.682
-355700,-7.065,197.343
-355600,-7.099,197.004
-355500,-7.136,196.665
-355400,-7.187,196.327
-355300,-7.237,195.988
-355200,-7.288,195.649
-355100,-7.338,195.31
-355000,-7.389,194.971
-354900,-7.415,194.632
-354800,-7.424,194.293
-354700,-7.433,193.954
-354600,-7.442,193.615
-354500,-7.451,193.276
-354400,-7.46,192.938
-354300,-7.504,192.599
-354200,-7.549,192.26
-354100,-7.593,191.921
-354000,-7.638,191.582
-353900,-7.682,191.243
-353800,-7.71,190.904
-353700,-7.71,190.565
-353600,-7.71,190.226
-353500,-7.71,189.887
-353400,-7.71,189.548
-353300,-7.71,189.21
-353200,-7.718,188.871
-353100,-7.728,188.532
-353000,-7.739,188.193
-352900,-7.75,187.854
-352800,-7.76,187.515
-352700,-7.768,187.176
-352600,-7.744,186.837
-352500,-7.721,186.498
-352400,-7.698,186.25
-352300,-7.675,186.662
-352200,-7.652,187.075
-352100,-7.634,187.488
-352000,-7.621,187.901
-351900,-7.608,188.314
-351800,-7.596,188.727
-351700,-7.583,189.14
-351600,-7.571,189.553
-351500,-7.582,189.965
-351400,-7.595,190.378
-351300,-7.608,190.791
-351200,-7.62,191.204
-351100,-7.633,191.617
-351000,-7.64,192.03
-350900,-7.64,192.443
-350800,-7.64,192.856
-350700,-7.64,193.334
-350600,-7.64,193.847
-350500,-7.64,194.361
-350400,-7.635,194.874
-350300,-7.629,195.388
-350200,-7.624,195.901
-350100,-7.618,196.415
-350000,-7.613,196.928
-349900,-7.586,197.442
-349800,-7.532,197.955
-349700,-7.479,198.469
-349600,-7.425,198.982
-349500,-7.371,199.495
-349400,-7.318,200.009
-349300,-7.261,200.522
-349200,-7.204,201.036
-349100,-7.147,201.549
-349000,-7.09,202.063
-348900,-7.033,202.576
-348800,-7.024,203.09
-348700,-7.03,203.603
-348600,-7.036,204.117
-348500,-7.042,204.63
-348400,-7.048,205.144
-348300,-7.036,205.657
-348200,-7.01,206.171
-348100,-6.985,206.684
-348000,-6.96,207.198
-347900,-6.935,207.711
-347800,-6.913,208.224
-347700,-6.895,208.738
-347600,-6.878,209.224
-347500,-6.86,209.468
-347400,-6.842,209.711
-347300,-6.831,209.955
-347200,-6.833,210.198
-347100,-6.835,210.442
-347000,-6.837,210.685
-346900,-6.838,210.929
-346800,-6.836,211.172
-346700,-6.82,211.416
-346600,-6.805,211.659
-346500,-6.789,211.903
-346400,-6.773,212.146
-346300,-6.756,212.39
-346200,-6.734,212.633
-346100,-6.712,212.877
-346000,-6.69,213.12
-345900,-6.667,213.364
-345800,-6.647,213.607
-345700,-6.633,213.85
-345600,-6.619,214.094
-345500,-6.605,214.337
-345400,-6.59,214.581
-345300,-6.572,214.824
-345200,-6.541,215.068
-345100,-6.51,215.311
-345000,-6.479,215.555
-344900,-6.449,215.798
-344800,-6.463,216.042
-344700,-6.546,216.301
-344600,-6.63,216.589
-344500,-6.713,216.876
-344400,-6.797,217.164
-344300,-6.832,217.452
-344200,-6.816,217.74
-344100,-6.8,218.028
-344000,-6.784,218.316
-343900,-6.768,218.604
-343800,-6.747,218.891
-343700,-6.722,219.179
-343600,-6.698,219.467
-343500,-6.673,219.755
-343400,-6.649,220.043
-343300,-6.633,220.331
-343200,-6.623,220.619
-343100,-6.613,220.906
-343000,-6.602,221.194
-342900,-6.592,221.172
-342800,-6.545,221.144
-342700,-6.489,221.116
-342600,-6.432,221.088
-342500,-6.376,221.059
-342400,-6.32,221.031
-342300,-6.307,221.003
-342200,-6.294,220.975
-342100,-6.282,220.946
-342000,-6.269,220.918
-341900,-6.263,220.89
-341800,-6.274,220.862
-341700,-6.285,220.834
-341600,-6.295,220.805
-341500,-6.306,220.777
-341400,-6.384,220.749
-341300,-6.503,220.721
-341200,-6.622,220.692
-341100,-6.742,220.664
-341000,-6.861,220.636
-340900,-6.975,220.608
-340800,-7.089,220.579
-340700,-7.202,220.551
-340600,-7.315,220.523
-340500,-7.429,220.495
-340400,-7.384,220.466
-340300,-7.321,220.438
-340200,-7.259,220.41
-340100,-7.197,220.085
-340000,-7.134,219.599
-339900,-7.101,219.114
-339800,-7.071,218.628
-339700,-7.04,218.143
-339600,-7.009,217.657
-339500,-6.984,217.172
-339400,-7.07,216.686
-339300,-7.156,216.201
-339200,-7.241,215.716
-339100,-7.327,215.23
-339000,-7.397,214.745
-338900,-7.377,214.259
-338800,-7.356,213.774
-338700,-7.336,213.288
-338600,-7.316,212.803
-338500,-7.294,212.318
-338400,-7.265,211.832
-338300,-7.237,211.347
-338200,-7.208,210.861
-338100,-7.179,210.376
-338000,-7.178,209.89
-337900,-7.231,209.405
-337800,-7.284,208.919
-337700,-7.337,208.434
-337600,-7.39,207.949
-337500,-7.409,207.463
-337400,-7.385,206.978
-337300,-7.36,206.492
-337200,-7.336,206.007
-337100,-7.311,205.521
-337000,-7.315,205.036
-336900,-7.341,204.913
-336800,-7.368,204.931
-336700,-7.395,204.949
-336600,-7.421,204.966
-336500,-7.409,204.984
-336400,-7.378,205.002
-336300,-7.348,205.02
-336200,-7.317,205.038
-336100,-7.286,205.056
-336000,-7.33,205.073
-335900,-7.392,205.091
-335800,-7.453,205.109
-335700,-7.515,205.127
-335600,-7.577,205.145
-335500,-7.636,205.163
-335400,-7.694,205.18
-335300,-7.753,205.198
-335200,-7.811,204.957
-335100,-7.87,204.686
-335000,-7.882,204.415
-334900,-7.894,204.145
-334800,-7.906,203.874
-334700,-7.918,203.604
-334600,-7.93,203.333
-334500,-7.932,203.062
-334400,-7.934,202.792
-334300,-7.936,202.521
-334200,-7.938,202.251
-334100,-7.94,201.98
-334000,-7.96,201.709
-333900,-7.98,201.439
-333800,-8,201.168
-333700,-8.02,200.898
-333600,-8.039,201.702
-333500,-8.003,205.413
-333400,-7.967,209.123
-333300,-7.93,212.834
-333200,-7.894,216.544
-333100,-7.853,220.255
-333000,-7.737,223.966
-332900,-7.621,227.676
-332800,-7.504,231.387
-332700,-7.388,235.098
-332600,-7.265,238.808
-332500,-7.119,242.519
-332400,-6.974,246.23
-332300,-6.828,249.94
-332200,-6.682,249.486
-332100,-6.547,248.719
-332000,-6.417,247.952
-331900,-6.287,247.184
-331800,-6.157,246.417
-331700,-6.042,245.649
-331600,-5.972,244.882
-331500,-5.901,244.115
-331400,-5.831,243.347
-331300,-5.76,242.58
-331200,-5.738,241.813
-331100,-5.717,241.045
-331000,-5.695,240.278
-330900,-5.674,239.51
-330800,-5.556,238.743
-330700,-5.418,237.976
-330600,-5.281,237.208
-330500,-5.143,236.441
-330400,-5.07,235.673
-330300,-5.016,234.906
-330200,-4.963,234.247
-330100,-4.91,234.831
-330000,-4.829,235.416
-329900,-4.741,236
-329800,-4.653,236.585
-329700,-4.565,237.169
-329600,-4.473,237.754
-329500,-4.379,238.338
-329400,-4.286,238.923
-329300,-4.184,239.507
-329200,-4.038,239.826
-329100,-3.892,240.014
-329000,-3.746,240.202
-328900,-3.638,240.39
-328800,-3.561,240.578
-328700,-3.485,240.766
-328600,-3.408,240.954
-328500,-3.297,241.142
-328400,-3.187,241.33
-328300,-3.076,241.518
-328200,-2.962,241.706
-328100,-2.846,241.894
-328000,-2.729,243.262
-327900,-2.633,244.666
-327800,-2.606,246.07
-327700,-2.578,247.473
-327600,-2.551,248.877
-327500,-2.508,250.281
-327400,-2.465,251.685
-327300,-2.422,253.089
-327200,-2.405,254.493
-327100,-2.399,255.937
-327000,-2.393,257.628
-326900,-2.28,259.32
-326800,-2.069,261.011
-326700,-1.859,262.703
-326600,-1.629,264.394
-326500,-1.37,266.085
-326400,-1.11,267.777
-326300,-0.854,269.468
-326200,-0.601,270.949
-326100,-0.349,272.101
-326000,-0.183,273.253
-325900,-0.072,274.404
-325800,0.038,275.556
-325700,0.264,276.708
-325600,0.504,277.859
-325500,0.779,279.058
-325400,1.144,280.382
-325300,1.51,281.707
-325200,1.639,283.032
-325100,1.702,284.356
-325000,1.783,285.681
-324900,1.894,284.938
-324800,2.006,283.99
-324700,2.154,283.042
-324600,2.302,282.095
-324500,2.442,281.147
-324400,2.58,280.2
-324300,2.697,279.252
-324200,2.792,278.304
-324100,2.857,280.792
-324000,2.848,283.704
-323900,2.848,286.616
-323800,2.917,289.527
-323700,2.987,292.439
-323600,3.057,295.351
-323500,3.127,298.263
-323400,3.117,297.37
-323300,3.089,295.804
-323200,3.08,294.239
-323100,3.08,292.673
-323000,3.107,291.108
-322900,3.155,289.543
-322800,3.182,288.488
-322700,3.187,288.815
-322600,3.124,289.141
-322500,2.949,288.016
-322400,2.824,286.572
-322300,2.838,285.129
-322200,2.837,283.685
-322100,2.743,282.26
-322000,2.65,280.992
-321900,2.433,279.723
-321800,2.217,278.454
-321700,1.987,277.185
-321600,1.755,275.916
-321500,1.557,274.647
-321400,1.383,273.378
-321300,1.245,273.157
-321200,1.194,273.108
-321100,1.143,273.058
-321000,0.838,273.009
-320900,0.52,272.959
-320800,0.274,272.909
-320700,0.086,272.86
-320600,-0.092,272.81
-320500,-0.128,272.761
-320400,-0.164,272.711
-320300,-0.167,272.588
-320200,-0.143,272.443
-320100,-0.118,272.299
-320000,-0.009,272.155
-319900,0.099,272.011
-319800,0.169,271.866
-319700,0.206,271.326
-319600,0.237,270.447
-319500,0.205,269.569
-319400,0.172,268.69
-319300,0.124,267.811
-319200,0.067,266.933
-319100,0.019,266.054
-319000,0.015,265.176
-318900,0.011,265.532
-318800,0.066,266.196
-318700,0.144,266.861
-318600,0.179,267.525
-318500,0.105,268.19
-318400,0.031,268.854
-318300,0.003,269.519
-318200,-0.018,270.183
-318100,-0.048,270.848
-318000,-0.094,271.512
-317900,-0.139,272.177
-317800,-0.25,272.841
-317700,-0.362,273.506
-317600,-0.414,274.17
-317500,-0.402,274.835
-317400,-0.389,275.006
-317300,-0.312,274.574
-317200,-0.235,274.142
-317100,-0.229,273.71
-317000,-0.282,273.278
-316900,-0.324,272.846
-316800,-0.262,272.414
-316700,-0.201,271.982
-316600,-0.18,271.714
-316500,-0.18,271.485
-316400,-0.212,271.255
-316300,-0.347,271.026
-316200,-0.482,270.797
-316100,-0.494,270.567
-316000,-0.473,270.338
-315900,-0.463,269.999
-315800,-0.471,269.497
-315700,-0.479,268.996
-315600,-0.538,268.494
-315500,-0.603,267.992
-315400,-0.697,267.49
-315300,-0.83,266.988
-315200,-0.962,266.486
-315100,-0.977,266.203
-315000,-0.985,266.209
-314900,-1.009,266.215
-314800,-1.053,266.221
-314700,-1.096,266.227
-314600,-1.18,266.233
-314500,-1.266,266.239
-314400,-1.326,266.245
-314300,-1.342,266.251
-314200,-1.357,266.257
-314100,-1.367,266.263
-314000,-1.374,266.269
-313900,-1.376,266.275
-313800,-1.36,266.281
-313700,-1.344,266.287
-313600,-1.418,266.294
-313500,-1.524,266.3
-313400,-1.623,265.975
-313300,-1.692,265.626
-313200,-1.762,265.277
-313100,-1.82,264.928
-313000,-1.87,264.579
-312900,-1.92,264.23
-312800,-2.058,263.881
-312700,-2.198,263.532
-312600,-2.298,263.183
-312500,-2.32,262.834
-312400,-2.343,262.485
-312300,-2.375,262.136
-312200,-2.412,261.787
-312100,-2.45,261.438
-312000,-2.365,261.089
-311900,-2.279,260.74
-311800,-2.233,260.391
-311700,-2.275,260.309
-311600,-2.317,260.321
-311500,-2.345,260.333
-311400,-2.368,260.344
-311300,-2.391,260.356
-311200,-2.447,260.368
-311100,-2.503,260.38
-311000,-2.571,260.392
-310900,-2.66,260.262
-310800,-2.75,259.802
-310700,-2.848,259.342
-310600,-2.95,258.882
-310500,-3.053,258.421
-310400,-3.147,257.961
-310300,-3.241,257.501
-310200,-3.324,257.041
-310100,-3.349,256.581
-310000,-3.374,256.157
-309900,-3.426,255.791
-309800,-3.532,255.424
-309700,-3.638,255.058
-309600,-3.715,254.692
-309500,-3.764,254.325
-309400,-3.813,253.959
-309300,-3.837,253.593
-309200,-3.847,253.226
-309100,-3.858,252.86
-309000,-3.884,252.494
-308900,-3.915,252.127
-308800,-3.947,251.761
-308700,-3.993,251.395
-308600,-4.042,251.028
-308500,-4.09,250.662
-308400,-4.199,250.295
-308300,-4.308,249.929
-308200,-4.416,249.563
-308100,-4.51,249.207
-308000,-4.604,249.898
-307900,-4.687,250.588
-307800,-4.65,251.279
-307700,-4.614,251.97
-307600,-4.584,252.661
-307500,-4.631,253.351
-307400,-4.677,254.042
-307300,-4.731,254.733
-307200,-4.853,255.423
-307100,-4.974,255.71
-307000,-5.091,255.096
-306900,-5.107,254.482
-306800,-5.123,253.869
-306700,-5.14,253.255
-306600,-5.266,252.641
-306500,-5.394,252.028
-306400,-5.522,251.414
-306300,-5.507,250.8
-306200,-5.469,250.187
-306100,-5.43,249.573
-306000,-5.354,248.959
-305900,-5.263,248.345
-305800,-5.173,247.732
-305700,-5.072,247.118
-305600,-4.966,246.504
-305500,-4.859,245.891
-305400,-4.712,245.277
-305300,-4.541,244.759
-305200,-4.37,245.736
-305100,-4.273,246.714
-305000,-4.206,247.692
-304900,-4.139,248.669
-304800,-4.053,249.647
-304700,-3.964,250.625
-304600,-3.871,251.602
-304500,-3.717,254.667
-304400,-3.563,257.964
-304300,-3.406,261.26
-304200,-3.244,264.557
-304100,-3.082,267.854
-304000,-2.99,271.151
-303900,-2.932,270.491
-303800,-2.859,266.323
-303700,-2.644,262.155
-303600,-2.43,257.987
-303500,-2.196,253.819
-303400,-1.948,249.651
-303300,-1.76,247.299
-303200,-1.886,248.472
-303100,-2.011,249.645
-303000,-2.116,250.818
-302900,-2.215,251.991
-302800,-2.403,253.165
-302700,-2.766,254.338
-302600,-3.128,255.511
-302500,-3.332,256.684
-302400,-3.503,257.177
-302300,-3.572,257.135
-302200,-3.232,257.093
-302100,-2.893,257.052
-302000,-2.701,257.01
-301900,-2.604,256.968
-301800,-2.561,256.927
-301700,-2.877,256.885
-301600,-3.194,256.843
-301500,-3.226,256.802
-301400,-3.069,256.224
-301300,-2.925,255.624
-301200,-3.024,255.024
-301100,-3.123,254.424
-301000,-3.129,253.824
-300900,-3.05,253.224
-300800,-2.971,252.624
-300700,-3.033,252.024
-300600,-3.096,251.114
-300500,-3.154,249.839
-300400,-3.205,248.565
-300300,-3.256,247.291
-300200,-3.194,246.016
-300100,-3.123,244.742
-300000,-3.097,243.468
-299900,-3.141,242.193
-299800,-3.185,241.639
-299700,-3.28,241.301
-299600,-3.382,240.963
-299500,-3.481,240.624
-299400,-3.574,240.286
-299300,-3.667,239.948
-299200,-3.79,239.609
-299100,-3.923,239.271
-299000,-4.03,238.977
-298900,-3.942,238.864
-298800,-3.855,238.75
-298700,-3.882,238.637
-298600,-4.03,238.523
-298500,-4.178,238.41
-298400,-4.288,238.296
-298300,-4.392,238.183
-298200,-4.485,238.069
-298100,-4.518,237.956
-298000,-4.551,237.64
-297900,-4.59,237.129
-297800,-4.638,236.618
-297700,-4.685,236.107
-297600,-4.75,235.596
-297500,-4.822,235.085
-297400,-4.895,234.574
-297300,-4.87,234.063
-297200,-4.837,233.553
-297100,-4.816,233.072
-297000,-4.856,232.658
-296900,-4.896,232.245
-296800,-4.937,231.832
-296700,-4.98,231.418
-296600,-5.024,231.005
-296500,-4.924,230.591
-296400,-4.737,230.178
-296300,-4.551,229.765
-296200,-4.543,229.351
-296100,-4.558,228.938
-296000,-4.597,228.524
-295900,-4.734,228.111
-295800,-4.87,227.821
-295700,-4.944,227.659
-295600,-4.951,227.496
-295500,-4.958,227.334
-295400,-5.006,227.172
-295300,-5.067,227.01
-295200,-5.129,226.848
-295100,-5.204,226.686
-295000,-5.279,226.524
-294900,-5.355,226.362
-294800,-5.433,226.2
-294700,-5.511,226.038
-294600,-5.624,226.204
-294500,-5.797,228.227
-294400,-5.97,230.25
-294300,-5.983,232.274
-294200,-5.824,234.297
-294100,-5.664,236.321
-294000,-5.544,238.344
-293900,-5.452,240.368
-293800,-5.359,242.391
-293700,-5.306,244.414
-293600,-5.262,245.235
-293500,-5.217,245.676
-293400,-5.046,246.117
-293300,-4.876,246.558
-293200,-4.624,246.999
-293100,-4.198,247.44
-293000,-3.772,247.881
-292900,-3.605,248.322
-292800,-3.519,248.763
-292700,-3.468,249.204
-292600,-3.493,249.644
-292500,-3.518,250.085
-292400,-3.741,249.203
-292300,-3.987,247.855
-292200,-4.21,246.508
-292100,-4.402,245.16
-292000,-4.593,243.813
-291900,-4.766,242.465
-291800,-4.936,241.118
-291700,-5.059,240.671
-291600,-5.006,240.63
-291500,-4.954,240.588
-291400,-4.871,240.546
-291300,-4.764,240.504
-291200,-4.657,240.463
-291100,-4.826,240.421
-291000,-5.016,240.379
-290900,-5.176,240.337
-290800,-5.265,240.296
-290700,-5.354,240.254
-290600,-5.522,240.212
-290500,-5.741,240.096
-290400,-5.961,239.949
-290300,-6,239.802
-290200,-6,239.655
-290100,-6,239.509
-290000,-5.841,239.362
-289900,-5.682,239.215
-289800,-5.569,239.068
-289700,-5.609,238.922
-289600,-5.65,238.775
-289500,-5.739,238.628
-289400,-5.879,238.481
-289300,-6.019,238.334
-289200,-6.17,238.188
-289100,-6.324,238.041
-289000,-6.478,237.894
-288900,-6.452,237.747
-288800,-6.397,237.6
-288700,-6.341,237.454
-288600,-6.151,237.307
-288500,-5.958,237.16
-288400,-5.792,237.013
-288300,-5.748,236.866
-288200,-5.704,236.72
-288100,-5.58,236.573
-288000,-5.358,236.426
-287900,-5.137,236.279
-287800,-5.147,235.867
-287700,-5.22,235.142
-287600,-5.302,234.418
-287500,-5.43,233.694
-287400,-5.557,232.969
-287300,-5.684,232.245
-287200,-5.809,231.521
-287100,-5.934,230.796
-287000,-6.014,230.072
-286900,-6.083,229.347
-286800,-6.15,228.623
-286700,-6.132,227.899
-286600,-6.114,227.174
-286500,-6.115,226.45
-286400,-6.177,225.726
-286300,-6.238,225.001
-286200,-6.292,224.33
-286100,-6.339,223.919
-286000,-6.385,223.508
-285900,-6.441,223.097
-285800,-6.501,222.686
-285700,-6.562,222.275
-285600,-6.695,221.864
-285500,-6.841,221.453
-285400,-6.987,221.042
-285300,-7.142,220.631
-285200,-7.298,220.22
-285100,-7.449,219.809
-285000,-7.399,219.398
-284900,-7.348,218.987
-284800,-7.3,218.576
-284700,-7.289,218.165
-284600,-7.279,217.754
-284500,-7.258,217.343
-284400,-7.106,216.932
-284300,-6.954,216.521
-284200,-6.773,216.11
-284100,-6.455,215.699
-284000,-6.137,215.288
-283900,-5.886,214.877
-283800,-5.731,214.466
-283700,-5.576,214.055
-283600,-5.543,213.644
-283500,-5.547,213.233
-283400,-5.528,213.161
-283300,-5.4,213.119
-283200,-5.271,213.077
-283100,-5.131,213.035
-283000,-4.983,212.994
-282900,-4.862,212.952
-282800,-4.983,212.91
-282700,-5.103,212.868
-282600,-5.274,212.826
-282500,-5.477,212.784
-282400,-5.676,212.742
-282300,-5.786,212.698
-282200,-5.897,212.517
-282100,-6.029,212.336
-282000,-6.189,212.154
-281900,-6.35,211.973
-281800,-6.42,211.792
-281700,-6.461,211.61
-281600,-6.497,211.429
-281500,-6.353,211.248
-281400,-6.208,211.067
-281300,-6.055,210.885
-281200,-5.882,210.704
-281100,-5.71,210.523
-281000,-5.559,210.341
-280900,-5.418,210.16
-280800,-5.326,209.979
-280700,-5.48,209.798
-280600,-5.635,209.616
-280500,-5.81,209.435
-280400,-5.998,209.254
-280300,-6.18,209.072
-280200,-6.176,208.891
-280100,-6.172,208.71
-280000,-6.069,208.529
-279900,-5.805,208.347
-279800,-5.54,208.166
-279700,-5.363,207.985
-279600,-5.205,207.803
-279500,-5.041,208.134
-279400,-4.863,209.144
-279300,-4.684,210.153
-279200,-4.58,211.163
-279100,-4.482,212.172
-279000,-4.438,213.182
-278900,-4.433,214.192
-278800,-4.431,215.201
-278700,-4.435,216.211
-278600,-4.44,217.21
-278500,-4.448,217.682
-278400,-4.457,218.155
-278300,-4.455,218.628
-278200,-4.446,219.1
-278100,-4.382,219.573
-278000,-4.188,220.046
-277900,-3.999,220.498
-277800,-3.977,220.89
-277700,-3.954,221.281
-277600,-3.826,221.673
-277500,-3.672,222.064
-277400,-3.531,222.456
-277300,-3.401,222.847
-277200,-3.26,223.239
-277100,-3.108,223.631
-277000,-2.987,224.022
-276900,-2.924,224.414
-276800,-2.948,224.805
-276700,-3.174,225.197
-276600,-3.378,225.588
-276500,-3.505,225.98
-276400,-3.614,226.372
-276300,-3.549,226.763
-276200,-3.483,227.155
-276100,-3.435,227.546
-276000,-3.388,227.938
-275900,-3.439,228.329
-275800,-3.51,228.721
-275700,-3.591,229.113
-275600,-3.675,229.504
-275500,-3.715,229.896
-275400,-3.725,230.287
-275300,-3.811,230.679
-275200,-3.995,230.986
-275100,-4.108,230.908
-275000,-4.025,230.831
-274900,-3.95,230.753
-274800,-3.95,230.676
-274700,-3.95,230.598
-274600,-3.886,230.52
-274500,-3.816,230.443
-274400,-3.814,230.274
-274300,-3.833,229.995
-274200,-3.916,229.716
-274100,-4.037,229.437
-274000,-4.198,229.158
-273900,-4.401,228.879
-273800,-4.523,228.6
-273700,-4.424,228.32
-273600,-4.33,228.041
-273500,-4.33,227.762
-273400,-4.33,227.483
-273300,-4.338,227.204
-273200,-4.347,226.925
-273100,-4.374,226.646
-273000,-4.41,226.426
-272900,-4.476,226.64
-272800,-4.575,226.855
-272700,-4.677,227.069
-272600,-4.788,227.283
-272500,-4.9,227.498
-272400,-4.766,227.712
-272300,-4.632,227.927
-272200,-4.668,228.141
-272100,-4.758,228.355
-272000,-4.995,228.57
-271900,-5.363,228.784
-271800,-5.658,228.999
-271700,-5.696,229.213
-271600,-5.734,229.427
-271500,-5.708,229.642
-271400,-5.67,229.856
-271300,-5.579,230.071
-271200,-5.429,230.285
-271100,-5.308,230.5
-271000,-5.369,230.714
-270900,-5.43,230.928
-270800,-5.567,231.143
-270700,-5.72,231.357
-270600,-5.84,231.092
-270500,-5.924,230.707
-270400,-5.998,230.323
-270300,-5.977,229.938
-270200,-5.956,229.553
-270100,-6.098,229.168
-270000,-6.312,228.783
-269900,-6.483,228.399
-269800,-6.531,228.014
-269700,-6.579,227.629
-269600,-6.609,227.244
-269500,-6.633,226.859
-269400,-6.672,226.475
-269300,-6.748,226.09
-269200,-6.823,225.705
-269100,-6.818,225.32
-269000,-6.791,224.935
-268900,-6.753,224.55
-268800,-6.689,224.166
-268700,-6.625,223.781
-268600,-6.403,223.173
-268500,-6.135,222.507
-268400,-6.051,221.84
-268300,-6.313,221.173
-268200,-6.574,220.507
-268100,-6.692,219.84
-268000,-6.801,219.173
-267900,-6.936,218.507
-267800,-7.101,217.84
-267700,-7.267,217.173
-267600,-7.41,216.507
-267500,-7.552,215.84
-267400,-7.651,215.241
-267300,-7.655,214.774
-267200,-7.659,214.307
-267100,-7.629,213.84
-267000,-7.584,213.373
-266900,-7.544,212.906
-266800,-7.624,212.439
-266700,-7.704,211.972
-266600,-7.727,211.505
-266500,-7.674,211.037
-266400,-7.621,210.512
-266300,-7.476,209.981
-266200,-7.309,209.45
-266100,-7.233,208.919
-266000,-7.466,208.389
-265900,-7.699,207.858
-265800,-7.97,207.327
-265700,-8.263,206.796
-265600,-8.555,206.266
-265500,-8.417,205.735
-265400,-8.257,205.204
-265300,-8.108,204.673
-265200,-8.003,204.143
-265100,-7.897,203.612
-265000,-7.852,203.081
-264900,-7.856,202.55
-264800,-7.86,201.812
-264700,-7.739,200.67
-264600,-7.608,199.527
-264500,-7.572,198.385
-264400,-7.73,197.243
-264300,-7.887,196.101
-264200,-8.093,194.959
-264100,-8.316,193.817
-264000,-8.527,193.485
-263900,-8.442,194.105
-263800,-8.358,194.725
-263700,-8.274,195.345
-263600,-8.191,195.964
-263500,-8.108,196.584
-263400,-8.092,197.204
-263300,-8.111,197.824
-263200,-8.131,198.363
-263100,-8.239,197.835
-263000,-8.348,197.308
-262900,-8.394,196.78
-262800,-8.316,196.253
-262700,-8.237,195.725
-262600,-8.232,195.197
-262500,-8.266,194.67
-262400,-8.3,194.196
-262300,-8.344,194.159
-262200,-8.389,194.122
-262100,-8.39,194.086
-262000,-8.292,194.049
-261900,-8.194,194.012
-261800,-8.167,193.975
-261700,-8.179,193.939
-261600,-8.192,193.902
-261500,-8.282,193.505
-261400,-8.372,193.089
-261300,-8.43,192.672
-261200,-8.43,192.256
-261100,-8.43,191.84
-261000,-8.453,191.424
-260900,-8.487,191.008
-260800,-8.519,190.591
-260700,-8.421,190.013
-260600,-8.323,189.297
-260500,-8.267,188.581
-260400,-8.286,187.865
-260300,-8.305,187.149
-260200,-8.307,186.433
-260100,-8.303,185.717
-260000,-8.289,185.001
-259900,-8.17,185.828
-259800,-8.05,187.773
-259700,-8.002,189.719
-259600,-8.025,191.664
-259500,-8.048,193.609
-259400,-8.064,195.554
-259300,-8.08,197.5
-259200,-8.075,198.725
-259100,-8.032,198.099
-259000,-7.989,197.473
-258900,-7.989,196.847
-258800,-8.001,196.221
-258700,-7.979,195.596
-258600,-7.844,194.97
-258500,-7.709,194.344
-258400,-7.621,193.856
-258300,-7.552,193.409
-258200,-7.534,192.961
-258100,-7.674,192.514
-258000,-7.815,192.067
-257900,-7.805,191.62
-257800,-7.745,191.173
-257700,-7.687,190.726
-257600,-7.639,190.279
-257500,-7.59,189.831
-257400,-7.528,189.384
-257300,-7.463,188.937
-257200,-7.379,190.149
-257100,-7.258,193.232
-257000,-7.137,196.315
-256900,-7.05,199.398
-256800,-6.965,202.482
-256700,-6.935,205.565
-256600,-6.944,208.648
-256500,-6.922,211.674
-256400,-6.809,209.04
-256300,-6.697,206.406
-256200,-6.553,203.772
-256100,-6.407,201.138
-256000,-6.381,201.729
-255900,-6.413,205.18
-255800,-6.422,208.632
-255700,-6.404,212.083
-255600,-6.369,215.534
-255500,-6.265,218.985
-255400,-6.161,222.437
-255300,-5.981,225.888
-255200,-5.801,227.871
-255100,-5.628,226.873
-255000,-5.458,225.875
-254900,-5.315,224.877
-254800,-5.183,223.88
-254700,-5.289,222.882
-254600,-5.511,221.884
-254500,-5.837,220.886
-254400,-6.233,219.889
-254300,-6.51,218.891
-254200,-6.644,217.893
-254100,-6.739,216.895
-254000,-6.685,215.897
-253900,-6.632,214.9
-253800,-6.736,214.196
-253700,-6.847,213.567
-253600,-6.895,212.937
-253500,-6.917,212.307
-253400,-6.967,211.677
-253300,-7.054,211.047
-253200,-7.097,210.418
-253100,-6.841,209.788
-253000,-6.586,209.158
-252900,-6.336,208.933
-252800,-6.087,208.988
-252700,-6.163,209.044
-252600,-6.386,209.1
-252500,-6.649,209.155
-252400,-6.948,209.211
-252300,-7.113,209.267
-252200,-6.95,209.322
-252100,-6.785,209.378
-252000,-6.538,209.434
-251900,-6.292,209.489
-251800,-6.346,209.545
-251700,-6.461,209.6
-251600,-6.494,209.656
-251500,-6.485,209.585
-251400,-6.449,209.038
-251300,-6.385,208.491
-251200,-6.248,207.944
-251100,-5.953,207.396
-251000,-5.676,206.849
-250900,-5.464,206.302
-250800,-5.292,205.755
-250700,-5.302,205.208
-250600,-5.386,204.661
-250500,-5.805,204.113
-250400,-6.191,203.904
-250300,-6.355,203.911
-250200,-6.518,203.918
-250100,-6.46,203.924
-250000,-6.4,203.931
-249900,-6.279,203.938
-249800,-6.147,203.945
-249700,-6.236,203.951
-249600,-6.41,203.958
-249500,-6.488,203.965
-249400,-6.502,203.972
-249300,-6.562,203.978
-249200,-6.677,203.985
-249100,-6.821,203.992
-249000,-7.038,203.999
-248900,-7.245,203.812
-248800,-7.32,203.577
-248700,-7.395,203.342
-248600,-7.392,203.106
-248500,-7.37,202.871
-248400,-7.298,202.636
-248300,-7.182,202.401
-248200,-7.104,202.166
-248100,-7.117,201.931
-248000,-7.13,201.506
-247900,-7.13,201.053
-247800,-7.13,200.6
-247700,-6.994,200.146
-247600,-6.834,199.693
-247500,-6.725,199.24
-247400,-6.641,198.945
-247300,-6.676,198.828
-247200,-6.824,198.711
-247100,-6.944,198.594
-247000,-7.013,198.477
-246900,-7.047,198.359
-246800,-6.914,198.242
-246700,-6.78,198.125
-246600,-6.803,198.008
-246500,-6.827,197.891
-246400,-6.842,197.774
-246300,-6.856,197.657
-246200,-6.927,197.54
-246100,-7.024,197.423
-246000,-7.099,197.306
-245900,-7.154,197.188
-245800,-7.114,197.071
-245700,-6.892,196.954
-245600,-6.699,196.837
-245500,-6.637,196.72
-245400,-6.585,196.526
-245300,-6.651,196.316
-245200,-6.717,196.107
-245100,-6.833,195.897
-245000,-6.95,195.687
-244900,-7.008,195.478
-244800,-7.055,197.199
-244700,-7.054,200.054
-244600,-7.031,202.909
-244500,-7.001,205.763
-244400,-6.964,208.618
-244300,-6.919,211.473
-244200,-6.863,213.534
-244100,-6.769,211.097
-244000,-6.558,208.659
-243900,-6.344,206.221
-243800,-6.122,203.783
-243700,-5.896,201.346
-243600,-5.655,200.685
-243500,-5.432,201.6
-243400,-5.284,202.515
-243300,-5.14,203.429
-243200,-5.005,204.344
-243100,-4.951,205.259
-243000,-5,206.174
-242900,-5.217,207.089
-242800,-5.55,208.004
-242700,-5.682,208.918
-242600,-5.729,209.833
-242500,-5.764,210.748
-242400,-5.794,211.663
-242300,-5.825,212.578
-242200,-5.856,213.492
-242100,-5.967,214.407
-242000,-6.089,214.914
-241900,-6.15,215.23
-241800,-6.206,215.545
-241700,-6.018,215.86
-241600,-5.808,216.175
-241500,-5.512,216.491
-241400,-5.216,216.806
-241300,-4.991,217.121
-241200,-4.731,217.436
-241100,-4.362,217.751
-241000,-4.08,218.067
-240900,-3.893,218.382
-240800,-3.711,218.697
-240700,-3.542,219.012
-240600,-3.468,219.328
-240500,-3.329,221.653
-240400,-3.117,224.578
-240300,-2.811,227.504
-240200,-2.494,230.43
-240100,-2.182,233.402
-240000,-2.174,236.375
-239900,-2.123,239.347
-239800,-1.81,242.32
-239700,-1.482,245.293
-239600,-1.058,248.265
-239500,-0.524,250.281
-239400,-0.249,251.129
-239300,0.198,251.976
-239200,0.499,254.21
-239100,0.587,257.829
-239000,0.698,261.448
-238900,0.948,264.282
-238800,1.081,265.659
-238700,1.218,267.036
-238600,1.402,268.412
-238500,1.581,269.789
-238400,1.675,271.166
-238300,1.758,272.543
-238200,1.892,273.92
-238100,2.062,275.296
-238000,2.175,276.673
-237900,2.056,278.05
-237800,1.841,278.627
-237700,1.735,277.423
-237600,1.466,276.219
-237500,0.867,275.016
-237400,0.37,273.812
-237300,0.468,272.608
-237200,0.249,271.404
-237100,0.128,270.201
-237000,-0.137,268.997
-236900,-0.642,267.793
-236800,-0.901,266.589
-236700,-1.074,265.385
-236600,-1.158,264.182
-236500,-1.162,262.978
-236400,-1.117,261.774
-236300,-1.293,260.57
-236200,-1.418,259.557
-236100,-1.495,258.883
-236000,-1.816,258.208
-235900,-2.01,257.534
-235800,-2.115,256.859
-235700,-2.129,256.185
-235600,-2.203,255.51
-235500,-2.122,254.836
-235400,-1.921,254.161
-235300,-1.928,253.487
-235200,-2.185,252.735
-235100,-2.506,251.461
-235000,-2.734,250.188
-234900,-2.701,248.915
-234800,-2.547,247.642
-234700,-2.267,247.009
-234600,-2.23,246.527
-234500,-2.22,246.045
-234400,-2.254,245.859
-234300,-2.562,245.801
-234200,-2.716,245.743
-234100,-2.711,245.348
-234000,-2.396,243.994
-233900,-2.474,242.64
-233800,-2.66,241.285
-233700,-2.853,239.931
-233600,-3.108,239.53
-233500,-3.384,240.247
-233400,-3.68,240.964
-233300,-3.681,241.681
-233200,-3.608,242.397
-233100,-3.464,243.116
-233000,-3.635,243.924
-232900,-3.821,244.733
-232800,-3.892,245.541
-232700,-4.028,246.349
-232600,-4.174,247.158
-232500,-4.256,246.676
-232400,-4.261,245.641
-232300,-4.211,244.607
-232200,-4.316,243.572
-232100,-4.42,242.538
-232000,-4.519,241.503
-231900,-4.728,242.999
-231800,-4.935,244.775
-231700,-4.965,246.551
-231600,-5.006,248.328
-231500,-5.06,250.104
-231400,-5.109,251.88
-231300,-5.17,251.355
-231200,-5.3,250.324
-231100,-5.56,249.293
-231000,-5.974,248.262
-230900,-6.037,247.231
-230800,-5.964,246.2
-230700,-5.949,245.196
-230600,-5.963,245.074
-230500,-6.092,244.952
-230400,-6.097,244.83
-230300,-5.915,244.707
-230200,-5.959,244.585
-230100,-6.13,244.463
-230000,-6.243,244.341
-229900,-6.358,244.218
-229800,-6.56,244.096
-229700,-6.735,243.974
-229600,-6.833,243.852
-229500,-6.916,243.729
-229400,-6.98,243.607
-229300,-7.061,243.485
-229200,-7.157,243.363
-229100,-7.241,243.24
-229000,-7.32,243.118
-228900,-7.336,242.996
-228800,-7.331,242.874
-228700,-7.099,242.751
-228600,-6.821,242.629
-228500,-6.479,242.507
-228400,-6.174,242.385
-228300,-6.071,242.262
-228200,-6.124,242.14
-228100,-6.4,242.018
-228000,-6.61,241.896
-227900,-6.781,241.773
-227800,-6.95,241.016
-227700,-7.118,239.305
-227600,-7.157,237.595
-227500,-7.217,235.884
-227400,-7.442,234.174
-227300,-7.629,233.713
-227200,-7.67,233.491
-227100,-7.602,233.268
-227000,-7.253,233.045
-226900,-6.93,232.823
-226800,-6.648,232.6
-226700,-6.464,232.304
-226600,-6.35,231.343
-226500,-6.255,230.382
-226400,-6.142,229.421
-226300,-5.795,228.46
-226200,-5.612,227.499
-226100,-5.696,226.538
-226000,-6.084,225.576
-225900,-6.59,224.615
-225800,-6.228,226.497
-225700,-5.806,228.766
-225600,-5.215,231.035
-225500,-5.329,233.16
-225400,-5.875,233.827
-225300,-6.066,234.493
-225200,-6.203,234.855
-225100,-6.215,235.214
-225000,-6.107,235.573
-224900,-5.913,235.931
-224800,-6.284,236.29
-224700,-6.707,236.649
-224600,-7.002,236.363
-224500,-7.278,234.572
-224400,-7.521,232.782
-224300,-7.564,230.991
-224200,-7.414,229.201
-224100,-7.426,227.41
-224000,-7.528,225.62
-223900,-7.571,223.829
-223800,-7.598,222.039
-223700,-7.615,220.248
-223600,-7.621,218.457
-223500,-7.443,216.667
-223400,-7.254,214.541
-223300,-7.027,212.02
-223200,-6.919,209.5
-223100,-6.992,206.979
-223000,-6.936,204.459
-222900,-6.8,203.499
-222800,-6.638,203.67
-222700,-6.54,203.841
-222600,-6.995,204.012
-222500,-7.247,204.183
-222400,-7.125,204.354
-222300,-6.797,204.524
-222200,-6.299,204.695
-222100,-6.136,204.866
-222000,-6.056,205.037
-221900,-6.032,205.208
-221800,-6.071,205.379
-221700,-6.174,205.55
-221600,-5.98,205.769
-221500,-5.674,206.342
-221400,-5.146,206.916
-221300,-4.925,207.489
-221200,-4.899,208.063
-221100,-4.991,208.636
-221000,-4.823,208.588
-220900,-4.483,208.01
-220800,-4.387,207.431
-220700,-4.552,208.134
-220600,-4.853,209.691
-220500,-4.952,211.248
-220400,-4.761,212.806
-220300,-4.413,214.363
-220200,-4.276,215.92
-220100,-4.267,215.547
-220000,-4.32,214.75
-219900,-4.361,213.953
-219800,-3.841,213.156
-219700,-3.254,212.359
-219600,-2.859,213.892
-219500,-3.243,216.007
-219400,-3.253,218.122
-219300,-3.114,220.237
-219200,-2.976,222.353
-219100,-2.915,224.468
-219000,-2.923,226.583
-218900,-3.031,228.698
-218800,-3.203,230.813
-218700,-3.226,232.928
-218600,-2.85,235.043
-218500,-2.449,237.158
-218400,-2.175,239.273
-218300,-2.077,240.809
-218200,-1.987,241.545
-218100,-1.89,242.281
-218000,-1.944,243.016
-217900,-2.085,243.752
-217800,-2.036,244.488
-217700,-1.188,245.223
-217600,-1.197,246.488
-217500,-1.148,247.921
-217400,-1.062,249.353
-217300,-0.94,250.785
-217200,-0.942,251.336
-217100,-1.114,251.526
-217000,-1.189,251.631
-216900,-0.973,250.868
-216800,-1.044,250.104
-216700,-1.324,249.34
-216600,-1.859,248.577
-216500,-2.12,247.813
-216400,-2.13,247.012
-216300,-2.154,246.184
-216200,-2.383,245.357
-216100,-2.303,244.529
-216000,-1.974,243.701
-215900,-1.629,242.874
-215800,-1.548,242.037
-215700,-1.636,241.198
-215600,-1.198,240.359
-215500,-0.918,240.485
-215400,-1.006,240.685
-215300,-1.189,240.884
-215200,-1.345,241.083
-215100,-1.544,241.282
-215000,-1.556,241.853
-214900,-1.362,242.956
-214800,-1.302,244.06
-214700,-1.372,245.163
-214600,-1.565,246.267
-214500,-1.604,247.371
-214400,-1.473,248.474
-214300,-1.404,249.578
-214200,-1.445,250.681
-214100,-1.527,251.376
-214000,-1.531,251.707
-213900,-1.36,252.038
-213800,-1.449,252.369
-213700,-1.975,252.7
-213600,-1.888,253.032
-213500,-1.732,253.363
-213400,-1.711,253.694
-213300,-1.826,254.025
-213200,-1.867,254.356
-213100,-1.512,254.688
-213000,-1.645,255.019
-212900,-2.001,255.35
-212800,-1.76,255.681
-212700,-1.642,256.012
-212600,-1.825,256.344
-212500,-2.043,256.675
-212400,-2.089,257.006
-212300,-2.154,257.337
-212200,-1.841,257.057
-212100,-1.982,256.634
-212000,-2.01,256.211
-211900,-2.407,255.788
-211800,-2.734,255.364
-211700,-2.551,254.941
-211600,-2.286,254.518
-211500,-2.498,254.095
-211400,-2.551,253.672
-211300,-2.621,253.248
-211200,-2.658,252.825
-211100,-2.542,252.402
-211000,-2.205,251.866
-210900,-2.144,249.18
-210800,-2.292,247.2
-210700,-2.63,246.866
-210600,-2.849,246.531
-210500,-2.834,246.197
-210400,-2.665,245.863
-210300,-2.64,245.529
-210200,-2.53,245.195
-210100,-2.893,244.861
-210000,-3.325,244.513
-209900,-3.55,244.118
-209800,-3.504,243.724
-209700,-3.702,243.329
-209600,-3.607,242.934
-209500,-3.366,242.54
-209400,-3.084,242.161
-209300,-2.903,241.88
-209200,-3.053,241.598
-209100,-3.554,241.317
-209000,-3.614,241.036
-208900,-3.568,240.755
-208800,-3.598,240.474
-208700,-3.59,240.193
-208600,-3.659,239.912
-208500,-3.753,239.631
-208400,-3.771,239.35
-208300,-3.796,239.069
-208200,-4.304,238.788
-208100,-4.119,238.506
-208000,-4.063,238.225
-207900,-4.212,237.738
-207800,-4.509,237.231
-207700,-4.479,236.723
-207600,-4.416,236.216
-207500,-4.407,235.708
-207400,-4.478,235.201
-207300,-4.34,234.693
-207200,-4.298,234.186
-207100,-4.32,233.678
-207000,-4.355,233.171
-206900,-4.278,232.663
-206800,-4.531,232.156
-206700,-4.637,231.649
-206600,-4.573,231.141
-206500,-4.397,230.634
-206400,-4.597,230.126
-206300,-4.857,229.619
-206200,-5.026,229.111
-206100,-4.952,228.865
-206000,-4.583,229.731
-205900,-4.4,230.597
-205800,-4.322,231.464
-205700,-4.231,232.523
-205600,-3.993,234.674
-205500,-3.738,236.826
-205400,-3.654,238.978
-205300,-3.683,241.13
-205200,-3.674,243.281
-205100,-3.559,244.583
-205000,-3.256,244.965
-204900,-2.925,245.346
-204800,-2.67,245.728
-204700,-2.703,246.109
-204600,-2.997,246.491
-204500,-3.178,246.872
-204400,-3.246,247.254
-204300,-2.918,247.635
-204200,-2.751,247.046
-204100,-2.927,246.259
-204000,-3.07,245.471
-203900,-2.998,244.684
-203800,-2.89,243.896
-203700,-2.719,243.109
-203600,-2.451,242.321
-203500,-2.538,241.534
-203400,-2.399,240.746
-203300,-2.055,239.958
-203200,-1.946,239.171
-203100,-2.182,240.206
-203000,-2.426,241.422
-202900,-2.425,242.637
-202800,-2.304,243.853
-202700,-2.379,245.068
-202600,-2.538,246.284
-202500,-2.511,247.499
-202400,-2.58,248.715
-202300,-2.443,249.93
-202200,-1.784,250.968
-202100,-1.855,250.705
-202000,-2.213,250.441
-201900,-2.203,250.178
-201800,-2.162,249.914
-201700,-2.154,249.651
-201600,-2.03,249.387
-201500,-2.069,249.123
-201400,-1.856,248.86
-201300,-1.566,248.596
-201200,-2.003,248.333
-201100,-2.605,248.069
-201000,-2.777,247.806
-200900,-2.833,247.542
-200800,-2.824,247.278
-200700,-2.585,247.015
-200600,-2.443,246.751
-200500,-2.203,246.488
-200400,-2.121,246.224
-200300,-2.577,245.961
-200200,-2.977,245.697
-200100,-2.758,245.433
-200000,-2.716,245.17
-199900,-2.945,244.906
-199800,-2.809,244.643
-199700,-3.11,244.379
-199600,-3.498,244.116
-199500,-3.496,243.852
-199400,-3.499,243.588
-199300,-3.69,243.325
-199200,-3.759,243.061
-199100,-3.355,242.798
-199000,-2.989,242.435
-198900,-3.059,241.773
-198800,-3.231,241.111
-198700,-3.235,240.449
-198600,-3.436,239.788
-198500,-3.727,239.126
-198400,-3.808,238.464
-198300,-3.804,237.802
-198200,-3.847,237.14
-198100,-4.023,236.479
-198000,-4.324,235.817
-197900,-4.4,235.155
-197800,-4.443,234.493
-197700,-4.834,233.832
-197600,-4.866,233.17
-197500,-4.814,232.508
-197400,-4.88,231.846
-197300,-5.03,231.185
-197200,-5.143,230.523
-197100,-4.895,229.861
-197000,-4.277,229.199
-196900,-4.286,228.538
-196800,-4.816,227.876
-196700,-5.384,227.214
-196600,-5.446,226.552
-196500,-5.643,225.89
-196400,-5.72,225.229
-196300,-5.688,224.567
-196200,-5.592,223.905
-196100,-5.699,223.243
-196000,-5.757,222.582
-195900,-5.832,221.92
-195800,-5.946,221.258
-195700,-5.893,220.596
-195600,-5.646,220.083
-195500,-5.276,220.012
-195400,-4.902,219.942
-195300,-4.812,219.872
-195200,-4.882,219.802
-195100,-5.094,219.732
-195000,-5.159,219.662
-194900,-4.888,219.591
-194800,-4.258,219.521
-194700,-4.729,219.451
-194600,-4.911,219.381
-194500,-4.729,219.311
-194400,-4.629,219.241
-194300,-4.876,219.17
-194200,-5.193,219.1
-194100,-5.543,219.03
-194000,-5.775,218.96
-193900,-5.884,218.89
-193800,-5.864,218.82
-193700,-5.701,218.749
-193600,-6.059,218.679
-193500,-6.47,218.609
-193400,-6.703,218.539
-193300,-6.335,218.469
-193200,-6.235,218.399
-193100,-6.062,218.328
-193000,-5.755,218.258
-192900,-5.369,218.188
-192800,-5.814,218.118
-192700,-5.991,218.048
-192600,-5.963,218.274
-192500,-5.826,219.131
-192400,-5.558,219.989
-192300,-5.186,220.846
-192200,-4.928,221.703
-192100,-4.874,222.56
-192000,-5.042,223.417
-191900,-5.44,224.274
-191800,-5.383,225.131
-191700,-5.469,225.989
-191600,-5.535,226.846
-191500,-5.482,227.703
-191400,-5.353,228.56
-191300,-5.213,229.417
-191200,-4.832,230.274
-191100,-4.159,231.131
-191000,-3.648,231.497
-190900,-3.876,231.491
-190800,-4.549,231.485
-190700,-4.723,231.479
-190600,-4.782,231.474
-190500,-4.827,231.468
-190400,-5.279,231.462
-190300,-5.759,231.456
-190200,-6.083,231.45
-190100,-6.46,231.444
-190000,-6.335,231.439
-189900,-6.152,231.433
-189800,-6.17,231.427
-189700,-6.636,231.421
-189600,-6.927,231.415
-189500,-7.05,231.41
-189400,-6.941,231.404
-189300,-6.493,231.061
-189200,-6.598,230.092
-189100,-6.861,229.123
-189000,-7.178,228.154
-188900,-7.439,227.184
-188800,-7.493,226.215
-188700,-7.659,225.246
-188600,-7.902,224.277
-188500,-7.697,223.308
-188400,-7.728,222.339
-188300,-7.845,221.37
-188200,-7.866,220.401
-188100,-7.381,219.432
-188000,-7.024,218.463
-187900,-7.031,217.493
-187800,-7.33,216.524
-187700,-7.6,215.555
-187600,-7.855,214.586
-187500,-8.105,213.617
-187400,-7.905,212.648
-187300,-7.602,211.679
-187200,-7.273,210.71
-187100,-7.338,210.366
-187000,-7.638,210.029
-186900,-7.968,209.692
-186800,-8.073,209.355
-186700,-7.847,209.018
-186600,-7.815,208.681
-186500,-8.137,208.344
-186400,-8.008,208.007
-186300,-7.962,207.67
-186200,-7.973,207.333
-186100,-7.916,206.996
-186000,-7.768,206.658
-185900,-7.824,206.321
-185800,-8.419,205.984
-185700,-8.627,205.647
-185600,-8.506,205.31
-185500,-7.972,204.973
-185400,-7.812,204.636
-185300,-7.933,204.299
-185200,-8.219,203.962
-185100,-8.128,203.625
-185000,-7.929,203.364
-184900,-7.841,203.147
-184800,-8.168,202.93
-184700,-8.514,202.714
-184600,-8.246,202.497
-184500,-7.102,202.28
-184400,-7.304,202.064
-184300,-7.724,201.847
-184200,-8.036,201.631
-184100,-7.816,201.414
-184000,-7.972,201.197
-183900,-8.121,200.981
-183800,-8.199,200.764
-183700,-8.178,200.547
-183600,-7.926,200.331
-183500,-7.725,200.114
-183400,-8.063,199.898
-183300,-8.393,200.367
-183200,-8.333,201.396
-183100,-7.769,202.426
-183000,-7.718,203.456
-182900,-7.503,204.486
-182800,-7.464,205.516
-182700,-8.045,206.546
-182600,-7.794,207.576
-182500,-7.602,208.606
-182400,-7.594,209.636
-182300,-7.944,210.666
-182200,-7.921,211.696
-182100,-7.676,212.726
-182000,-7.27,213.755
-181900,-7.001,214.785
-181800,-6.798,215.815
-181700,-6.735,216.845
-181600,-6.65,217.609
-181500,-6.193,217.072
-181400,-5.86,216.535
-181300,-6.547,215.998
-181200,-6.79,215.461
-181100,-6.399,214.924
-181000,-5.691,214.387
-180900,-5.338,213.85
-180800,-5.584,213.313
-180700,-5.64,213.005
-180600,-5.678,212.758
-180500,-5.99,212.512
-180400,-6.406,212.265
-180300,-6.282,212.018
-180200,-6.34,211.771
-180100,-6.343,211.525
-180000,-6.365,211.278
-179900,-6.095,211.031
-179800,-5.457,210.784
-179700,-5.34,210.538
-179600,-6.013,210.291
-179500,-6.633,210.044
-179400,-6.922,209.797
-179300,-6.882,209.551
-179200,-6.666,209.304
-179100,-6.763,209.057
-179000,-7.3,208.81
-178900,-7.909,208.564
-178800,-8.335,208.317
-178700,-8.285,208.07
-178600,-8.194,207.823
-178500,-8.166,207.314
-178400,-8.12,206.542
-178300,-7.71,205.769
-178200,-7.391,204.997
-178100,-7.175,204.225
-178000,-7.043,203.453
-177900,-6.94,202.68
-177800,-7.334,201.908
-177700,-7.417,201.136
-177600,-7.234,200.363
-177500,-6.915,199.591
-177400,-6.882,198.819
-177300,-7.014,198.047
-177200,-7.071,197.274
-177100,-7.216,196.502
-177000,-7.455,195.73
-176900,-7.22,194.958
-176800,-7.428,194.185
-176700,-7.558,193.413
-176600,-7.561,192.641
-176500,-7.499,191.869
-176400,-7.366,191.096
-176300,-7.46,190.324
-176200,-7.446,190.117
-176100,-7.229,190.141
-176000,-7.221,190.165
-175900,-7.06,190.189
-175800,-6.472,190.213
-175700,-6.06,190.237
-175600,-6.378,190.262
-175500,-7.22,190.286
-175400,-6.887,190.406
-175300,-6.353,190.669
-175200,-6.149,190.933
-175100,-6.088,191.197
-175000,-5.99,191.46
-174900,-5.98,191.724
-174800,-6.264,191.988
-174700,-6.109,192.252
-174600,-5.983,192.515
-174500,-5.995,192.779
-174400,-6.102,193.043
-174300,-6.389,193.306
-174200,-6.766,193.57
-174100,-6.819,193.834
-174000,-6.007,194.098
-173900,-5.778,194.361
-173800,-6.108,194.625
-173700,-6.725,194.889
-173600,-7.072,195.152
-173500,-6.983,195.416
-173400,-7.106,195.68
-173300,-6.935,195.944
-173200,-7.148,196.207
-173100,-7.482,196.471
-173000,-7.675,196.735
-172900,-7.51,196.998
-172800,-7.613,197.262
-172700,-7.593,197.526
-172600,-7.549,197.79
-172500,-7.634,197.804
-172400,-8.107,197.807
-172300,-8.147,197.811
-172200,-8.102,197.815
-172100,-7.95,197.818
-172000,-7.632,197.822
-171900,-7.172,197.826
-171800,-6.947,197.829
-171700,-7.141,197.833
-171600,-7.046,197.837
-171500,-6.252,197.84
-171400,-6.196,197.844
-171300,-6.92,197.848
-171200,-7.696,197.851
-171100,-7.471,197.855
-171000,-6.874,197.859
-170900,-6.728,197.862
-170800,-7.24,197.866
-170700,-6.907,197.87
-170600,-6.273,197.873
-170500,-6.158,197.877
-170400,-6.46,197.881
-170300,-6.908,197.884
-170200,-7.249,197.888
-170100,-7.007,197.892
-170000,-6.668,197.895
-169900,-6.794,197.899
-169800,-6.642,197.685
-169700,-6.184,197.378
-169600,-5.564,197.071
-169500,-5.293,196.764
-169400,-5.918,196.457
-169300,-6.295,196.15
-169200,-6.33,195.843
-169100,-6.33,195.536
-169000,-6.531,195.229
-168900,-6.881,194.922
-168800,-6.997,194.615
-168700,-6.863,194.307
-168600,-6.747,194
-168500,-6.885,193.693
-168400,-6.642,193.386
-168300,-6.644,193.079
-168200,-6.962,192.772
-168100,-7.341,192.465
-168000,-7.664,192.158
-167900,-7.909,191.851
-167800,-8.037,191.544
-167700,-7.986,191.237
-167600,-7.96,190.93
-167500,-7.898,190.623
-167400,-7.786,190.316
-167300,-7.971,190.009
-167200,-8.176,189.702
-167100,-8.349,189.395
-167000,-8.275,189.088
-166900,-7.826,188.78
-166800,-7.89,188.473
-166700,-7.727,188.166
-166600,-7.992,187.859
-166500,-8.275,187.552
-166400,-8.143,187.245
-166300,-8.356,186.938
-166200,-8.423,186.631
-166100,-8.235,186.324
-166000,-8.099,186.017
-165900,-8.531,185.71
-165800,-8.562,185.403
-165700,-8.339,185.096
-165600,-8.1,184.789
-165500,-7.951,184.482
-165400,-7.821,184.175
-165300,-8.208,183.868
-165200,-8.304,184.067
-165100,-8.353,184.408
-165000,-8.415,184.75
-164900,-8.297,185.092
-164800,-8.155,185.434
-164700,-8.469,185.776
-164600,-8.705,186.117
-164500,-8.56,186.459
-164400,-8.473,186.801
-164300,-8.326,187.143
-164200,-7.937,187.485
-164100,-7.634,187.827
-164000,-7.747,188.168
-163900,-7.663,188.51
-163800,-7.442,188.852
-163700,-7.285,189.194
-163600,-7.009,189.536
-163500,-6.887,189.877
-163400,-7.014,190.219
-163300,-7.047,190.561
-163200,-7.038,190.903
-163100,-7.229,191.245
-163000,-6.675,191.586
-162900,-6.255,192.091
-162800,-6.314,192.603
-162700,-6.517,193.114
-162600,-6.133,193.626
-162500,-5.536,194.138
-162400,-5.752,194.649
-162300,-6.346,195.161
-162200,-6.6,195.672
-162100,-6.688,196.184
-162000,-7.183,196.695
-161900,-7.244,197.207
-161800,-7.076,197.719
-161700,-7.261,198.23
-161600,-7.396,198.742
-161500,-7.624,199.253
-161400,-7.868,199.765
-161300,-7.508,200.277
-161200,-7.352,200.788
-161100,-7.452,201.3
-161000,-7.014,201.811
-160900,-6.948,202.323
-160800,-6.969,202.835
-160700,-7.043,203.346
-160600,-7.258,203.858
-160500,-6.789,204.369
-160400,-6.777,204.058
-160300,-6.677,203.694
-160200,-6.747,203.33
-160100,-6.363,202.967
-160000,-6.026,202.603
-159900,-6.342,202.239
-159800,-6.438,201.875
-159700,-6.316,201.511
-159600,-5.819,201.148
-159500,-5.923,200.784
-159400,-6.178,200.42
-159300,-5.486,200.056
-159200,-5.516,199.692
-159100,-6.195,199.329
-159000,-6.689,198.965
-158900,-6.722,198.601
-158800,-7.143,198.237
-158700,-7.627,197.873
-158600,-7.992,197.509
-158500,-7.378,197.146
-158400,-6.816,196.782
-158300,-6.792,196.418
-158200,-6.948,196.054
-158100,-7.307,195.69
-158000,-7.89,195.327
-157900,-7.744,194.963
-157800,-7.675,194.599
-157700,-7.862,194.235
-157600,-7.765,193.871
-157500,-7.768,193.508
-157400,-8.115,193.144
-157300,-8.572,192.78
-157200,-8.501,192.416
-157100,-8.567,192.052
-157000,-8.56,191.688
-156900,-8.522,191.325
-156800,-8.499,190.961
-156700,-8.48,190.597
-156600,-8.19,190.233
-156500,-8.457,189.869
-156400,-8.858,189.506
-156300,-8.851,189.142
-156200,-8.454,188.778
-156100,-8.304,188.414
-156000,-8.788,188.05
-155900,-8.53,187.687
-155800,-8.122,187.323
-155700,-8.076,186.959
-155600,-8.36,186.595
-155500,-8.203,186.231
-155400,-8.093,185.867
-155300,-8.065,185.504
-155200,-8.522,185.919
-155100,-8.71,186.341
-155000,-8.594,186.764
-154900,-8.811,187.187
-154800,-8.973,187.609
-154700,-8.198,188.032
-154600,-7.578,188.455
-154500,-7.591,188.877
-154400,-7.952,189.049
-154300,-8.044,189.119
-154200,-7.645,189.189
-154100,-7.716,189.258
-154000,-7.637,189.328
-153900,-7.706,189.397
-153800,-7.953,189.467
-153700,-8.082,189.536
-153600,-7.914,189.606
-153500,-7.531,189.676
-153400,-7.279,189.745
-153300,-7.681,189.815
-153200,-7.769,189.884
-153100,-7.67,189.954
-153000,-7.66,190.024
-152900,-7.568,190.093
-152800,-7.56,190.163
-152700,-7.719,190.232
-152600,-7.914,190.302
-152500,-8.088,190.371
-152400,-8.149,190.441
-152300,-7.826,190.511
-152200,-7.711,190.58
-152100,-7.816,190.65
-152000,-7.89,190.719
-151900,-7.862,190.789
-151800,-7.699,190.858
-151700,-7.396,190.928
-151600,-7.384,190.998
-151500,-7.416,191.067
-151400,-7.233,191.137
-151300,-6.948,191.206
-151200,-6.91,191.276
-151100,-6.871,191.346
-151000,-6.677,191.415
-150900,-6.707,191.485
-150800,-7.173,191.554
-150700,-7.421,191.624
-150600,-7.199,191.693
-150500,-6.947,191.763
-150400,-7.083,191.833
-150300,-7.401,191.903
-150200,-7.493,192.008
-150100,-7.331,192.113
-150000,-7.357,192.217
-149900,-7.568,192.322
-149800,-7.606,192.427
-149700,-7.634,192.532
-149600,-7.654,192.637
-149500,-7.533,192.741
-149400,-7.493,192.846
-149300,-7.59,192.951
-149200,-7.621,193.056
-149100,-7.563,193.16
-149000,-7.64,193.265
-148900,-7.734,193.37
-148800,-7.84,193.475
-148700,-7.84,193.579
-148600,-7.675,193.684
-148500,-7.684,193.789
-148400,-7.583,193.894
-148300,-7.605,193.999
-148200,-8.039,194.103
-148100,-8.457,194.208
-148000,-8.437,194.313
-147900,-8.314,194.418
-147800,-8.252,194.522
-147700,-8.01,194.627
-147600,-8.03,194.732
-147500,-8.114,194.837
-147400,-8.082,194.941
-147300,-8.02,195.046
-147200,-7.998,195.151
-147100,-7.935,195.256
-147000,-7.895,195.36
-146900,-8.001,195.465
-146800,-8.019,195.57
-146700,-7.987,195.675
-146600,-7.863,195.78
-146500,-7.749,195.884
-146400,-7.794,195.989
-146300,-7.921,196.094
-146200,-7.994,196.199
-146100,-8.086,196.303
-146000,-8.333,196.408
-145900,-8.445,196.513
-145800,-8.348,196.618
-145700,-8.461,196.722
-145600,-8.578,196.827
-145500,-8.449,196.932
-145400,-8.231,196.925
-145300,-8.087,196.711
-145200,-7.976,196.496
-145100,-7.942,196.282
-145000,-8.197,196.067
-144900,-8.313,195.853
-144800,-8.228,195.638
-144700,-8.003,195.424
-144600,-7.878,195.21
-144500,-7.816,194.995
-144400,-7.75,194.781
-144300,-7.887,194.566
-144200,-8.147,194.352
-144100,-8.126,194.137
-144000,-8.009,193.923
-143900,-8.382,193.709
-143800,-8.826,193.494
-143700,-8.698,193.28
-143600,-8.444,193.065
-143500,-8.34,192.851
-143400,-8.327,192.636
-143300,-8.262,192.422
-143200,-8.15,192.208
-143100,-8.139,191.993
-143000,-8.419,191.779
-142900,-8.569,191.564
-142800,-8.662,191.35
-142700,-8.715,191.136
-142600,-8.593,190.921
-142500,-8.38,190.707
-142400,-8.29,190.492
-142300,-8.297,190.733
-142200,-8.135,191.317
-142100,-8.234,191.9
-142000,-8.531,192.484
-141900,-8.41,193.068
-141800,-8.481,193.651
-141700,-8.556,194.235
-141600,-8.644,194.819
-141500,-8.633,195.403
-141400,-8.47,195.986
-141300,-8.325,196.473
-141200,-8.42,196.248
-141100,-8.75,196.023
-141000,-8.61,195.798
-140900,-8.215,195.573
-140800,-8.297,195.348
-140700,-8.511,195.123
-140600,-8.634,194.898
-140500,-8.584,194.673
-140400,-8.413,194.448
-140300,-8.421,194.223
-140200,-8.83,193.998
-140100,-8.98,193.774
-140000,-8.704,193.549
-139900,-8.491,193.324
-139800,-8.57,193.099
-139700,-8.759,192.874
-139600,-8.799,192.649
-139500,-8.62,192.424
-139400,-8.4,192.223
-139300,-8.409,192.05
-139200,-8.526,191.878
-139100,-8.327,191.706
-139000,-8.3,191.533
-138900,-8.506,191.361
-138800,-8.639,191.189
-138700,-8.67,191.017
-138600,-8.69,190.844
-138500,-8.683,190.672
-138400,-8.653,190.5
-138300,-8.961,190.328
-138200,-9.222,190.356
-138100,-8.957,190.958
-138000,-8.625,191.559
-137900,-8.125,192.161
-137800,-7.696,192.762
-137700,-7.508,193.364
-137600,-7.46,193.702
-137500,-7.578,194.024
-137400,-7.834,194.345
-137300,-7.961,194.572
-137200,-7.893,194.779
-137100,-7.728,194.986
-137000,-7.53,195.194
-136900,-7.691,195.401
-136800,-7.861,195.608
-136700,-7.477,195.815
-136600,-7.324,197.198
-136500,-7.522,199.398
-136400,-7.395,201.598
-136300,-7.472,202.392
-136200,-7.793,202.209
-136100,-7.499,202.027
-136000,-7.145,201.844
-135900,-7.311,200.84
-135800,-7.326,199.578
-135700,-7.126,198.315
-135600,-6.907,198.893
-135500,-6.863,199.849
-135400,-7.314,200.805
-135300,-7.463,201.761
-135200,-7.254,202.717
-135100,-7.159,203.673
-135000,-6.882,204.616
-134900,-6.909,205.155
-134800,-6.879,205.694
-134700,-6.254,206.233
-134600,-5.746,206.772
-134500,-5.898,207.31
-134400,-6.007,207.849
-134300,-5.812,208.388
-134200,-5.485,208.987
-134100,-5.292,210.72
-134000,-4.864,212.454
-133900,-4.467,214.188
-133800,-4.435,215.921
-133700,-3.968,217.655
-133600,-3.23,219.389
-133500,-3.359,221.122
-133400,-3.813,222.856
-133300,-3.74,224.361
-133200,-3.577,225.422
-133100,-3.772,226.484
-133000,-3.648,227.545
-132900,-3.331,228.607
-132800,-2.963,229.668
-132700,-2.603,230.73
-132600,-2.577,231.791
-132500,-2.536,232.853
-132400,-2.438,233.914
-132300,-2.509,234.976
-132200,-2.76,236.037
-132100,-2.697,237.099
-132000,-2.309,238.16
-131900,-2.232,239.222
-131800,-1.619,240.283
-131700,-1.483,241.421
-131600,-1.645,242.567
-131500,-1.904,243.714
-131400,-1.3,244.861
-131300,-0.373,246.008
-131200,-0.323,247.154
-131100,-0.695,248.301
-131000,-0.559,249.448
-130900,-0.465,250.595
-130800,-0.253,251.741
-130700,0.136,252.888
-130600,0.351,254.035
-130500,0.547,255.181
-130400,0.634,256.328
-130300,0.878,257.475
-130200,1.09,258.622
-130100,1.802,259.716
-130000,1.314,260.784
-129900,1.398,261.851
-129800,1.768,262.919
-129700,2.123,263.512
-129600,1.42,263.715
-129500,-0.104,263.919
-129400,1.463,264.606
-129300,2.655,269.21
-129200,2.056,273.814
-129100,1.401,278.418
-129000,1.494,282.781
-128900,1.988,283.936
-128800,2.427,285.091
-128700,1.879,286.246
-128600,2.365,286.862
-128500,3.06,286.98
-128400,3.167,287.099
-128300,2.73,274.1
-128200,2.684,274.252
-128100,2.665,274.404
-128000,2.213,274.556
-127900,2.226,274.708
-127800,2.55,274.86
-127700,2.25,275.012
-127600,2.496,275.164
-127500,2.306,275.316
-127400,2.456,274.494
-127300,2.418,272.482
-127200,2.202,270.469
-127100,2.042,268.457
-127000,2.061,266.444
-126900,1.706,264.432
-126800,2.057,262.597
-126700,2.5,262.567
-126600,1.622,262.537
-126500,0.96,262.508
-126400,0.956,263.263
-126300,1.015,264.281
-126200,0.423,265.299
-126100,0.285,266.316
-126000,0.453,267.656
-125900,0.585,270.075
-125800,0.5,272.494
-125700,0.478,273.98
-125600,1.097,274.371
-125500,1.029,274.761
-125400,0.686,275.152
-125300,1.059,275.543
-125200,0.87,275.934
-125100,0.442,276.325
-125000,0.065,276.715
-124900,0.107,277.106
-124800,0.631,277.848
-124700,0.604,278.7
-124600,0.649,279.553
-124500,0.589,276.183
-124400,0.443,271.089
-124300,0.536,266.304
-124200,0.598,266.371
-124100,1.24,266.438
-124000,0.51,266.505
-123900,0.581,266.572
-123800,0.715,268.797
-123700,0.366,269.442
-123600,0.253,270.087
-123500,0.284,270.732
-123400,0.459,271.377
-123300,0.824,272.023
-123200,-0.006,272.668
-123100,-0.487,273.313
-123000,-0.355,273.958
-122900,-0.159,274.603
-122800,-0.744,275.248
-122700,-0.144,275.894
-122600,0.281,276.46
-122500,0.233,275.793
-122400,0.137,275.127
-122300,0.467,274.46
-122200,0.355,273.793
-122100,-0.147,273.127
-122000,0.162,272.46
-121900,0.581,272.456
-121800,0.059,272.877
-121700,-0.165,273.297
-121600,-0.6,273.717
-121500,-0.617,274.137
-121400,-0.645,274.557
-121300,-0.243,274.977
-121200,-0.462,275.398
-121100,-0.927,275.818
-121000,-0.698,276.238
-120900,-0.59,276.658
-120800,-0.313,277.078
-120700,-0.045,277.498
-120600,0.073,276.7
-120500,-0.401,274.777
-120400,-0.78,272.854
-120300,-0.863,270.931
-120200,-1.086,269.008
-120100,-1.161,267.085
-120000,-0.939,265.219
-119900,-1.44,266.152
-119800,-1.267,267.084
-119700,-0.733,268.017
-119600,-1.254,268.95
-119500,-1.081,269.883
-119400,-1.276,270.815
-119300,-1.381,271.748
-119200,-1.245,272.15
-119100,-0.516,272.355
-119000,-1.06,272.56
-118900,-1.265,272.766
-118800,-1.751,272.971
-118700,-0.607,273.176
-118600,-0.64,273.381
-118500,-1.115,273.587
-118400,-1.456,273.792
-118300,-1.129,273.121
-118200,-0.93,272.414
-118100,-1.152,271.707
-118000,-1.683,271.001
-117900,-1.858,270.294
-117800,-1.787,269.587
-117700,-1.546,268.88
-117600,-1.097,268.173
-117500,-1.611,267.528
-117400,-1.733,267.148
-117300,-1.456,266.769
-117200,-1.824,266.39
-117100,-1.51,266.01
-117000,-1.486,265.631
-116900,-1.8,265.251
-116800,-2.235,264.872
-116700,-2.524,264.492
-116600,-2.67,264.113
-116500,-2.67,263.733
-116400,-2.732,263.354
-116300,-2.826,262.974
-116200,-2.872,262.595
-116100,-2.959,263.064
-116000,-3.174,263.815
-115900,-3.524,264.567
-115800,-2.998,265.318
-115700,-2.581,266.07
-115600,-2.47,266.822
-115500,-2.47,267.573
-115400,-2.47,268.325
-115300,-2.478,269.076
-115200,-3.688,269.828
-115100,-4.025,270.579
-115000,-3.475,271.331
-114900,-3.901,272.083
-114800,-4.293,272.834
-114700,-4.636,273.375
-114600,-4.866,273.574
-114500,-4.656,273.772
-114400,-4.251,273.97
-114300,-4.351,274.168
-114200,-4.364,274.366
-114100,-4.354,274.564
-114000,-4.516,272.826
-113900,-4.57,270.662
-113800,-5.199,268.498
-113700,-5.463,266.334
-113600,-5.033,264.17
-113500,-4.889,262.006
-113400,-4.853,261.794
-113300,-4.936,262.342
-113200,-4.98,262.889
-113100,-5.48,263.437
-113000,-5.857,263.984
-112900,-6.016,264.532
-112800,-5.884,265.079
-112700,-5.673,265.627
-112600,-5.741,266.174
-112500,-5.883,265.647
-112400,-5.938,264.8
-112300,-5.94,263.953
-112200,-5.94,263.105
-112100,-5.94,262.258
-112000,-6.088,261.41
-111900,-6.343,260.563
-111800,-6.349,259.715
-111700,-5.932,258.868
-111600,-5.68,258.02
-111500,-5.68,257.173
-111400,-5.68,256.544
-111300,-5.68,256.087
-111200,-5.68,255.63
-111100,-5.826,255.172
-111000,-6.07,254.715
-110900,-6.276,254.258
-110800,-6.273,253.801
-110700,-5.753,253.344
-110600,-5.57,252.886
-110500,-5.57,252.429
-110400,-5.573,251.972
-110300,-5.58,251.515
-110200,-5.58,251.064
-110100,-5.574,250.62
-110000,-5.506,250.175
-109900,-5.737,249.73
-109800,-6.249,249.285
-109700,-6.191,248.84
-109600,-6.09,248.396
-109500,-6.09,247.951
-109400,-6.347,247.506
-109300,-6.776,247.061
-109200,-6.79,246.616
-109100,-6.465,246.172
-109000,-6.27,245.727
-108900,-6.277,244.672
-108800,-6.28,243.579
-108700,-6.291,242.486
-108600,-6.467,241.392
-108500,-6.602,240.299
-108400,-6.684,239.206
-108300,-6.71,238.172
-108200,-6.827,237.815
-108100,-6.95,237.459
-108000,-6.936,237.103
-107900,-6.878,236.746
-107800,-6.74,236.39
-107700,-6.518,236.034
-107600,-6.48,235.677
-107500,-6.48,235.321
-107400,-6.268,234.965
-107300,-5.573,234.609
-107200,-4.918,234.252
-107100,-4.4,233.896
-107000,-4.4,233.54
-106900,-4.739,233.183
-106800,-4.985,232.827
-106700,-4.671,232.471
-106600,-4.296,232.115
-106500,-4.147,231.758
-106400,-4.453,231.402
-106300,-4.188,231.046
-106200,-3.568,230.719
-106100,-2.816,231.345
-106000,-3.563,231.971
-105900,-3.836,232.598
-105800,-3.926,233.224
-105700,-3.941,233.85
-105600,-4.494,234.476
-105500,-4.551,235.103
-105400,-4.274,235.729
-105300,-4.141,236.355
-105200,-4.28,236.839
-105100,-4.549,236.366
-105000,-4.803,235.893
-104900,-4.481,235.421
-104800,-4.17,234.948
-104700,-4.244,234.476
-104600,-4.33,234.003
-104500,-4.323,233.531
-104400,-4.374,233.058
-104300,-4.306,232.585
-104200,-4.062,232.113
-104100,-4.128,231.64
-104000,-4.222,231.168
-103900,-4.325,230.695
-103800,-4.478,230.223
-103700,-4.414,229.75
-103600,-4.427,229.278
-103500,-4.504,228.805
-103400,-3.969,228.332
-103300,-3.622,228.606
-103200,-3.737,229.17
-103100,-2.855,229.734
-103000,-3.146,230.298
-102900,-3.155,230.861
-102800,-2.423,231.425
-102700,-3.197,231.989
-102600,-3.016,232.553
-102500,-2.544,233.117
-102400,-2.176,233.681
-102300,-2.433,234.244
-102200,-2.777,234.808
-102100,-2.318,235.372
-102000,-2.081,235.936
-101900,-2.293,236.5
-101800,-2.479,236.725
-101700,-2.301,236.123
-101600,-2.852,235.521
-101500,-2.639,234.918
-101400,-2.712,234.316
-101300,-2.987,233.713
-101200,-3.18,233.111
-101100,-3.294,232.508
-101000,-3.469,231.906
-100900,-3.633,231.304
-100800,-3.477,230.734
-100700,-3.61,230.229
-100600,-3.68,229.724
-100500,-3.399,229.22
-100400,-3.11,228.715
-100300,-3.597,228.211
-100200,-3.964,227.706
-100100,-3.663,227.202
-100000,-3.467,226.697
-99900,-3.49,226.193
-99800,-3.655,225.958
-99700,-4.055,226.096
-99600,-3.93,226.234
-99500,-3.996,226.372
-99400,-4.038,226.51
-99300,-4.102,226.648
-99200,-4.366,226.786
-99100,-4.384,226.924
-99000,-3.832,227.062
-98900,-4.2,227.2
-98800,-4.43,227.338
-98700,-4.645,227.476
-98600,-3.761,227.614
-98500,-3.509,227.752
-98400,-3.747,227.89
-98300,-4.84,228.028
-98200,-4.459,228.166
-98100,-4.768,228.304
-98000,-5.304,228.442
-97900,-4.53,228.58
-97800,-4.112,228.718
-97700,-3.662,228.856
-97600,-4.752,228.994
-97500,-5.07,229.132
-97400,-4.991,229.27
-97300,-4.369,229.408
-97200,-5.001,229.546
-97100,-4.701,229.684
-97000,-4.51,229.822
-96900,-4.51,229.96
-96800,-4.24,230.098
-96700,-4.028,230.236
-96600,-4.298,230.374
-96500,-4.331,230.512
-96400,-4.016,230.65
-96300,-3.782,230.788
-96200,-3.5,230.926
-96100,-3.965,231.064
-96000,-4.157,231.202
-95900,-3.722,231.34
-95800,-3.7,231.478
-95700,-3.835,231.616
-95600,-4,231.754
-95500,-4,231.892
-95400,-3.756,232.03
-95300,-3.58,232.037
-95200,-4.875,231.909
-95100,-4.551,231.781
-95000,-3.96,231.653
-94900,-3.833,231.525
-94800,-4.037,231.397
-94700,-4.414,231.269
-94600,-4.193,231.141
-94500,-3.548,231.013
-94400,-3.998,230.885
-94300,-4.86,230.757
-94200,-4.97,230.628
-94100,-3.987,230.5
-94000,-3.33,230.372
-93900,-3.284,230.244
-93800,-3.8,230.116
-93700,-4.622,229.988
-93600,-5.472,229.86
-93500,-4.653,229.732
-93400,-4.679,229.604
-93300,-4.557,229.476
-93200,-5.028,229.348
-93100,-4.572,229.22
-93000,-4.098,229.092
-92900,-4.443,228.964
-92800,-3.899,228.835
-92700,-4.397,228.707
-92600,-5.296,228.579
-92500,-4.869,228.451
-92400,-4.143,228.08
-92300,-4.218,227.547
-92200,-4.679,227.014
-92100,-5.049,226.481
-92000,-4.697,225.948
-91900,-4.836,225.414
-91800,-4.36,224.881
-91700,-4.06,224.348
-91600,-3.953,223.663
-91500,-3.554,222.963
-91400,-4.888,222.263
-91300,-5.768,221.562
-91200,-5.331,220.862
-91100,-5.171,220.162
-91000,-5.003,219.462
-90900,-4.837,218.762
-90800,-4.86,218.062
-90700,-4.688,217.361
-90600,-5.174,216.661
-90500,-5.761,215.961
-90400,-5.653,215.261
-90300,-5.384,214.561
-90200,-6.022,213.86
-90100,-6.306,213.16
-90000,-5.021,212.46
-89900,-5.06,211.76
-89800,-5.413,211.06
-89700,-5.426,210.36
-89600,-5.113,209.659
-89500,-4.86,208.959
-89400,-5.574,208.259
-89300,-5.362,208.432
-89200,-4.835,209.118
-89100,-4.285,209.804
-89000,-4.099,210.49
-88900,-4.496,211.176
-88800,-4.923,211.862
-88700,-5.06,212.548
-88600,-5.054,213.234
-88500,-5.098,213.92
-88400,-5.113,214.606
-88300,-5.12,215.292
-88200,-5.129,215.978
-88100,-4.682,216.664
-88000,-4.43,216.836
-87900,-4.202,216.515
-87800,-4.208,216.193
-87700,-4.531,215.872
-87600,-3.989,215.55
-87500,-4.71,215.229
-87400,-4.049,214.907
-87300,-3.707,214.586
-87200,-4.394,214.264
-87100,-4.45,215.498
-87000,-4.206,217.12
-86900,-4.125,218.741
-86800,-4.282,220.363
-86700,-4.076,221.985
-86600,-4.616,223.607
-86500,-3.959,225.229
-86400,-3.733,226.851
-86300,-3.736,228.42
-86200,-3.564,229.813
-86100,-3.38,231.206
-86000,-3.411,232.598
-85900,-3.524,233.991
-85800,-3.443,235.383
-85700,-3.161,236.559
-85600,-2.623,237.148
-85500,-2.447,237.737
-85400,-2.66,238.326
-85300,-3.197,238.915
-85200,-3.031,239.504
-85100,-2.48,240.093
-85000,-2.795,240.682
-84900,-3.305,240.959
-84800,-3.456,240.471
-84700,-3.012,239.983
-84600,-2.031,239.496
-84500,-2.805,239.008
-84400,-3.931,238.52
-84300,-3.919,238.033
-84200,-3.91,237.545
-84100,-4.255,237.057
-84000,-4.53,236.569
-83900,-3.749,236.082
-83800,-3.206,235.594
-83700,-3.562,235.106
-83600,-4.262,234.619
-83500,-3.466,234.131
-83400,-3.703,233.643
-83300,-3.94,233.156
-83200,-3.923,232.668
-83100,-3.18,232.18
-83000,-2.918,231.693
-82900,-2.682,231.205
-82800,-3.7,230.809
-82700,-4.406,230.481
-82600,-4.61,230.152
-82500,-4.31,229.823
-82400,-4.684,229.495
-82300,-3.983,229.166
-82200,-2.634,228.837
-82100,-3.398,228.509
-82000,-3.54,228.18
-81900,-3.77,227.851
-81800,-3.742,227.523
-81700,-3.801,227.194
-81600,-3.79,226.865
-81500,-3.514,226.536
-81400,-4.302,226.208
-81300,-3.794,225.879
-81200,-3.719,225.55
-81100,-5.137,225.222
-81000,-4.865,224.893
-80900,-4.571,224.564
-80800,-4.73,224.236
-80700,-4.66,223.907
-80600,-4.308,223.578
-80500,-4.445,223.25
-80400,-5.676,222.921
-80300,-6.253,222.592
-80200,-6.293,222.264
-80100,-5.002,221.935
-80000,-4.013,221.539
-79900,-5.231,221.098
-79800,-5.295,220.656
-79700,-4.984,220.214
-79600,-5.353,219.773
-79500,-5.449,219.331
-79400,-4.341,218.889
-79300,-4.845,218.447
-79200,-4.868,218.006
-79100,-4.8,217.564
-79000,-5.99,217.122
-78900,-6.075,217.416
-78800,-5.811,217.749
-78700,-6.026,218.082
-78600,-6.306,218.415
-78500,-6.293,218.748
-78400,-6.314,219.081
-78300,-4.392,219.414
-78200,-6.06,219.746
-78100,-7.183,220.079
-78000,-6.591,220.412
-77900,-6.489,220.745
-77800,-6.046,221.078
-77700,-5.768,221.411
-77600,-5.865,221.744
-77500,-6.721,222.077
-77400,-6.979,222.409
-77300,-6.511,222.742
-77200,-6.028,223.075
-77100,-5.456,223.408
-77000,-5.475,223.741
-76900,-5.329,224.074
-76800,-4.795,224.407
-76700,-4.92,224.74
-76600,-5.203,225.072
-76500,-5.116,225.405
-76400,-4.844,225.738
-76300,-4.106,226.071
-76200,-4.806,226.404
-76100,-4.912,226.737
-76000,-5.036,227.07
-75900,-5.029,227.403
-75800,-4.377,227.735
-75700,-4.532,228.068
-75600,-4.811,228.401
-75500,-5.297,228.734
-75400,-5.334,229.067
-75300,-5.15,229.157
-75200,-5.526,229.085
-75100,-5.54,229.014
-75000,-5.573,228.942
-74900,-5.686,228.87
-74800,-5.855,228.799
-74700,-6.329,228.727
-74600,-6.392,228.655
-74500,-4.995,228.584
-74400,-5.637,228.512
-74300,-6.015,228.44
-74200,-6.681,228.369
-74100,-6.831,228.297
-74000,-6.484,228.225
-73900,-6.782,228.153
-73800,-7.105,228.082
-73700,-6.574,228.01
-73600,-6.298,227.938
-73500,-7.262,227.867
-73400,-7.505,227.795
-73300,-6.751,227.723
-73200,-6.352,227.652
-73100,-6.047,227.58
-73000,-5.752,227.508
-72900,-5.472,227.437
-72800,-6.278,227.134
-72700,-6.488,226.591
-72600,-6.765,226.048
-72500,-6.574,225.505
-72400,-6.264,224.962
-72300,-5.818,224.419
-72200,-5.759,223.875
-72100,-5.493,223.332
-72000,-5.527,222.789
-71900,-6.084,222.246
-71800,-5.207,221.703
-71700,-5.022,221.16
-71600,-5.28,220.617
-71500,-4.642,220.074
-71400,-5.248,219.531
-71300,-5.751,218.988
-71200,-5.944,218.445
-71100,-5.759,217.902
-71000,-5.694,217.359
-70900,-5.66,216.815
-70800,-5.666,216.272
-70700,-5.67,215.729
-70600,-5.67,215.186
-70500,-6.643,214.643
-70400,-7.211,214.1
-70300,-7.069,213.557
-70200,-7.356,213.014
-70100,-7.782,212.471
-70000,-7.539,211.928
-69900,-6.943,211.385
-69800,-6.595,210.842
-69700,-6.928,210.299
-69600,-7.326,209.755
-69500,-7.5,209.212
-69400,-6.886,208.669
-69300,-6.428,208.126
-69200,-5.69,207.583
-69100,-5.947,207.04
-69000,-5.858,206.497
-68900,-6.387,205.954
-68800,-7.66,205.411
-68700,-8.16,204.868
-68600,-7.952,204.325
-68500,-7.893,203.782
-68400,-7.501,203.239
-68300,-7.842,202.695
-68200,-8.11,202.152
-68100,-7.705,201.609
-68000,-7.695,201.066
-67900,-7.96,200.523
-67800,-8.094,199.98
-67700,-8.001,199.437
-67600,-7.777,198.894
-67500,-7.764,198.351
-67400,-7.617,197.808
-67300,-7.598,197.265
-67200,-7.507,196.722
-67100,-7.26,196.179
-67000,-7.421,195.635
-66900,-7.724,195.092
-66800,-7.547,194.747
-66700,-7.757,194.443
-66600,-7.638,194.138
-66500,-7.028,193.834
-66400,-7.023,193.529
-66300,-7.622,193.224
-66200,-8.169,192.92
-66100,-8.266,192.615
-66000,-7.83,192.311
-65900,-7.582,192.006
-65800,-8.361,191.702
-65700,-8.462,191.402
-65600,-7.898,191.601
-65500,-7.573,191.799
-65400,-7.325,191.998
-65300,-7.639,192.196
-65200,-7.914,192.395
-65100,-7.975,192.594
-65000,-8.145,192.792
-64900,-7.946,192.991
-64800,-7.966,193.19
-64700,-7.5,193.388
-64600,-7.455,193.587
-64500,-7.856,193.785
-64400,-7.426,193.984
-64300,-7.585,194.183
-64200,-7.572,194.381
-64100,-7.147,194.58
-64000,-6.868,194.778
-63900,-6.808,194.977
-63800,-6.827,195.176
-63700,-6.467,195.374
-63600,-6.66,195.622
-63500,-6.761,195.876
-63400,-6.307,196.131
-63300,-6.72,196.386
-63200,-7.323,196.641
-63100,-7.51,196.895
-63000,-7.51,197.15
-62900,-7.51,197.405
-62800,-7.535,197.66
-62700,-7.655,197.914
-62600,-7.998,198.169
-62500,-8.088,198.424
-62400,-7.641,198.679
-62300,-7.699,198.934
-62200,-7.385,199.188
-62100,-7.062,199.443
-62000,-7.066,199.698
-61900,-6.816,199.953
-61800,-6.54,200.207
-61700,-6.766,200.462
-61600,-7.198,200.717
-61500,-7.012,200.972
-61400,-6.861,201.226
-61300,-6.812,201.481
-61200,-6.622,201.736
-61100,-6.888,201.991
-61000,-7.266,202.245
-60900,-7.367,202.5
-60800,-6.773,202.755
-60700,-6.583,203.01
-60600,-6.515,203.264
-60500,-6.284,203.519
-60400,-6.358,203.774
-60300,-6.31,204.029
-60200,-6.134,204.283
-60100,-6.147,204.538
-60000,-6.527,204.793
-59900,-6.322,205.048
-59800,-5.686,205.302
-59700,-5.53,205.557
-59600,-5.53,205.812
-59500,-5.883,206.067
-59400,-5.969,206.321
-59300,-5.855,206.576
-59200,-6.192,206.831
-59100,-6.402,207.086
-59000,-6.022,207.34
-58900,-5.874,207.595
-58800,-5.996,207.85
-58700,-5.918,208.105
-58600,-5.675,208.359
-58500,-5.16,208.614
-58400,-4.594,208.869
-58300,-4.261,209.124
-58200,-4.952,209.378
-58100,-4.778,209.633
-58000,-4.643,209.888
-57900,-4.959,210.143
-57800,-4.959,210.397
-57700,-5.677,211.944
-57600,-4.976,213.503
-57500,-4.85,215.063
-57400,-4.461,216.622
-57300,-4.016,218.182
-57200,-4.693,219.742
-57100,-4.35,221.301
-57000,-3.729,221.438
-56900,-3.942,220.905
-56800,-4.74,220.372
-56700,-4.432,219.84
-56600,-4.587,219.307
-56500,-5.094,218.774
-56400,-4.786,218.241
-56300,-5.069,217.709
-56200,-4.812,217.176
-56100,-4.909,216.643
-56000,-5.056,216.11
-55900,-4.982,215.578
-55800,-5.629,215.045
-55700,-5.56,214.512
-55600,-5.388,213.979
-55500,-5.306,213.447
-55400,-5.584,212.914
-55300,-5.352,212.381
-55200,-5.707,211.848
-55100,-6.224,211.316
-55000,-6.555,210.783
-54900,-6.437,210.25
-54800,-6.293,209.717
-54700,-6.322,209.185
-54600,-6.385,208.652
-54500,-6.663,208.119
-54400,-6.443,207.586
-54300,-6.869,207.054
-54200,-7.058,206.521
-54100,-6.54,205.988
-54000,-6.248,205.455
-53900,-6.355,204.923
-53800,-6.094,204.39
-53700,-6.501,203.857
-53600,-6.65,203.324
-53500,-6.507,202.792
-53400,-5.828,202.259
-53300,-5.619,201.726
-53200,-6.299,201.193
-53100,-7.079,200.661
-53000,-7.126,200.128
-52900,-6.627,199.595
-52800,-6.128,199.062
-52700,-6.57,198.53
-52600,-6.264,197.997
-52500,-6.058,197.464
-52400,-5.381,196.932
-52300,-5.381,196.399
-52200,-5.822,195.866
-52100,-5.766,195.333
-52000,-5.56,194.801
-51900,-5.872,194.268
-51800,-5.622,193.735
-51700,-5.646,193.202
-51600,-6.497,192.67
-51500,-6.373,192.137
-51400,-5.72,191.604
-51300,-5.298,191.071
-51200,-4.099,190.539
-51100,-4.691,191.464
-51000,-5.757,192.901
-50900,-5.952,194.339
-50800,-5.867,195.776
-50700,-5.272,197.214
-50600,-5.58,198.651
-50500,-5.607,200.089
-50400,-5.54,201.526
-50300,-5.381,202.964
-50200,-5.646,204.401
-50100,-5.243,205.839
-50000,-5.15,207.276
-49900,-5.598,208.714
-49800,-5.479,210.151
-49700,-5.608,211.589
-49600,-6.038,213.026
-49500,-5.96,214.464
-49400,-5.748,215.634
-49300,-5.51,215.161
-49200,-5.856,214.689
-49100,-5.768,214.216
-49000,-5.961,213.744
-48900,-6.336,213.271
-48800,-6.466,212.798
-48700,-6.355,212.326
-48600,-6.143,211.853
-48500,-5.815,211.381
-48400,-5.991,210.908
-48300,-6.02,210.436
-48200,-6.524,209.578
-48100,-6.573,207.777
-48000,-6.692,205.976
-47900,-6.765,204.175
-47800,-6.291,202.374
-47700,-6.479,200.574
-47600,-6.913,198.773
-47500,-6.654,196.972
-47400,-6.683,195.171
-47300,-6.204,193.37
-47200,-5.984,191.57
-47100,-6.441,189.769
-47000,-6.819,188.41
-46900,-6.757,188.449
-46800,-6.488,188.489
-46700,-6.908,188.529
-46600,-6.86,188.569
-46500,-6.965,188.609
-46400,-7.386,188.649
-46300,-7.479,188.689
-46200,-7.387,188.728
-46100,-7.373,188.768
-46000,-7.018,188.808
-45900,-6.98,188.848
-45800,-6.722,188.888
-45700,-7.155,188.928
-45600,-7.859,188.968
-45500,-7.65,189.007
-45400,-7.929,189.047
-45300,-8.033,189.087
-45200,-7.194,189.127
-45100,-6.704,189.167
-45000,-6.693,189.207
-44900,-6.985,189.247
-44800,-7.44,189.287
-44700,-6.476,189.568
-44600,-6.551,189.973
-44500,-7.35,190.378
-44400,-7.114,190.783
-44300,-6.943,191.188
-44200,-7.25,191.594
-44100,-6.926,191.999
-44000,-6.789,192.404
-43900,-6.917,192.809
-43800,-6.563,193.215
-43700,-6.602,193.62
-43600,-6.389,194.025
-43500,-5.444,194.43
-43400,-6.254,194.836
-43300,-6.012,195.241
-43200,-5.51,195.646
-43100,-5.705,196.051
-43000,-5.92,196.457
-42900,-5.894,196.862
-42800,-6.034,197.267
-42700,-5.807,197.672
-42600,-5.432,198.078
-42500,-5.458,198.483
-42400,-5.599,198.888
-42300,-5.311,199.293
-42200,-4.766,199.699
-42100,-5.475,200.104
-42000,-5.262,200.509
-41900,-4.729,200.914
-41800,-5.013,201.319
-41700,-4.568,201.725
-41600,-5.149,202.13
-41500,-5.147,202.535
-41400,-5.038,202.94
-41300,-5.155,203.346
-41200,-5.808,203.751
-41100,-6.557,204.156
-41000,-6.123,204.561
-40900,-5.74,204.967
-40800,-6.424,205.372
-40700,-6.651,205.777
-40600,-6.619,206.182
-40500,-6.833,206.588
-40400,-6.578,206.993
-40300,-6.356,207.398
-40200,-7.108,207.803
-40100,-7.074,208.209
-40000,-6.943,208.614
-39900,-6.337,209.019
-39800,-5.547,209.1
-39700,-6.009,209.1
-39600,-6.13,209.1
-39500,-6.239,209.1
-39400,-6.22,209.1
-39300,-6.039,209.1
-39200,-5.93,209.1
-39100,-6.241,209.1
-39000,-6.573,209.1
-38900,-6.623,209.1
-38800,-6.68,209.1
-38700,-6.735,209.1
-38600,-6.994,209.1
-38500,-7.18,209.1
-38400,-7.125,209.1
-38300,-6.985,209.1
-38200,-6.798,209.1
-38100,-6.603,209.1
-38000,-6.367,209.1
-37900,-6.412,209.1
-37800,-6.598,209.1
-37700,-6.769,209.1
-37600,-6.188,209.1
-37500,-6.579,209.1
-37400,-7.181,209.1
-37300,-6.959,209.1
-37200,-6.9,209.1
-37100,-6.818,209.1
-37000,-6.646,209.1
-36900,-6.301,209.1
-36800,-6.235,209.1
-36700,-6.837,209.1
-36600,-6.726,209.1
-36500,-7.309,209.1
-36400,-7.61,209.1
-36300,-7.149,209.1
-36200,-6.837,209.1
-36100,-6.453,209.1
-36000,-6.179,209.1
-35900,-5.75,209.1
-35800,-5.647,209.1
-35700,-5.426,209.1
-35600,-5.609,209.1
-35500,-5.414,209.1
-35400,-5.258,209.1
-35300,-5.596,209.1
-35200,-5.884,209.1
-35100,-5.931,209.1
-35000,-5.308,209.1
-34900,-4.856,209.1
-34800,-5.276,209.1
-34700,-5.8,209.1
-34600,-6.121,209.1
-34500,-6.024,209.1
-34400,-6.328,209.1
-34300,-6.332,209.1
-34200,-6.763,209.1
-34100,-6.788,209.1
-34000,-6.854,209.1
-33900,-7.307,209.1
-33800,-7.186,208.973
-33700,-7.145,208.821
-33600,-7.387,208.669
-33500,-7.488,208.517
-33400,-7.177,208.365
-33300,-7.317,208.213
-33200,-7.6,208.062
-33100,-7.597,207.91
-33000,-7.451,207.758
-32900,-7.408,207.606
-32800,-7.47,207.454
-32700,-6.704,207.302
-32600,-6.74,207.151
-32500,-7.267,206.999
-32400,-7.171,206.847
-32300,-6.61,206.695
-32200,-7.228,206.543
-32100,-6.953,206.391
-32000,-6.755,206.24
-31900,-6.769,206.088
-31800,-7.188,205.936
-31700,-7.606,205.784
-31600,-8.077,205.632
-31500,-8.083,205.481
-31400,-7.809,205.253
-31300,-7.655,204.941
-31200,-7.887,204.628
-31100,-8.033,204.316
-31000,-7.975,204.003
-30900,-7.738,203.691
-30800,-7.348,203.379
-30700,-7.417,203.066
-30600,-7.551,202.754
-30500,-7.689,202.441
-30400,-7.8,202.129
-30300,-7.662,201.816
-30200,-7.021,201.504
-30100,-7.333,201.192
-30000,-8.095,200.879
-29900,-8.372,200.567
-29800,-8.532,200.254
-29700,-8.381,199.942
-29600,-8.367,199.629
-29500,-8.333,199.317
-29400,-7.996,199.005
-29300,-7.686,198.692
-29200,-7.361,198.38
-29100,-7.03,198.067
-29000,-6.71,197.755
-28900,-6.833,197.442
-28800,-7.275,197.13
-28700,-7.698,196.818
-28600,-8.108,196.505
-28500,-8.509,196.193
-28400,-8.672,195.88
-28300,-7.913,195.568
-28200,-7.602,195.255
-28100,-7.848,194.943
-28000,-8.075,194.631
-27900,-8.29,194.318
-27800,-8.55,194.006
-27700,-8.532,193.693
-27600,-8.07,193.381
-27500,-8.034,193.068
-27400,-8.522,192.756
-27300,-8.804,192.444
-27200,-9.02,192.131
-27100,-8.978,191.819
-27000,-8.477,191.439
-26900,-7.766,191.017
-26800,-7.666,190.595
-26700,-8.012,190.174
-26600,-8.09,189.752
-26500,-8.023,189.331
-26400,-7.739,188.909
-26300,-7.389,188.503
-26200,-7.18,188.596
-26100,-7.476,188.689
-26000,-7.432,188.782
-25900,-7.277,188.876
-25800,-7.065,188.969
-25700,-7.047,189.062
-25600,-7.777,189.155
-25500,-8.18,189.248
-25400,-8.069,189.342
-25300,-7.738,189.435
-25200,-7.818,189.528
-25100,-7.997,189.621
-25000,-7.975,189.715
-24900,-7.281,189.808
-24800,-7.19,189.901
-24700,-7.5,189.994
-24600,-7.515,190.087
-24500,-7.94,190.181
-24400,-9.008,190.274
-24300,-8.898,190.367
-24200,-8.002,190.46
-24100,-8.035,190.553
-24000,-8.296,190.647
-23900,-8.507,190.74
-23800,-8.63,190.833
-23700,-8.63,190.926
-23600,-8.294,191.019
-23500,-7.776,191.113
-23400,-8.604,191.206
-23300,-8.978,191.299
-23200,-8.856,191.392
-23100,-8.647,191.485
-23000,-8.111,191.579
-22900,-7.963,191.538
-22800,-8.588,191.458
-22700,-8.507,191.378
-22600,-8.423,191.297
-22500,-8.335,191.217
-22400,-8.399,191.137
-22300,-8.752,191.056
-22200,-8.82,190.976
-22100,-8.386,190.896
-22000,-8.142,190.816
-21900,-8.216,190.735
-21800,-8.273,190.655
-21700,-7.758,190.575
-21600,-7.383,190.494
-21500,-7.838,190.414
-21400,-8.045,190.334
-21300,-7.937,190.254
-21200,-7.91,190.173
-21100,-7.95,190.093
-21000,-8.106,190.013
-20900,-8.028,189.932
-20800,-7.89,189.852
-20700,-7.953,189.772
-20600,-8.039,189.691
-20500,-8.047,189.611
-20400,-8.096,189.531
-20300,-7.897,189.451
-20200,-7.531,189.37
-20100,-7.797,189.29
-20000,-7.778,189.21
-19900,-8.377,188.931
-19800,-8.539,188.626
-19700,-8.701,188.321
-19600,-8.415,188.016
-19500,-8.013,187.71
-19400,-7.615,187.405
-19300,-7.749,187.1
-19200,-8.027,186.794
-19100,-8.231,186.489
-19000,-7.923,186.184
-18900,-7.599,185.879
-18800,-8.322,185.573
-18700,-8.727,185.268
-18600,-8.442,184.963
-18500,-8.311,184.658
-18400,-7.839,184.352
-18300,-7.859,184.047
-18200,-8.166,183.742
-18100,-8.547,183.436
-18000,-8.024,183.131
-17900,-7.732,182.826
-17800,-7.804,182.521
-17700,-7.836,182.215
-17600,-7.749,183.305
-17500,-7.997,184.468
-17400,-8.136,185.631
-17300,-7.466,186.794
-17200,-7.547,187.957
-17100,-7.812,189.12
-17000,-8.365,190.283
-16900,-8.353,191.446
-16800,-7.457,192.609
-16700,-7.088,193.772
-16600,-6.831,194.935
-16500,-6.744,196.098
-16400,-6.88,197.261
-16300,-6.787,198.424
-16200,-6.336,199.587
-16100,-5.95,200.75
-16000,-5.945,201.913
-15900,-6.01,203.076
-15800,-5.31,204.238
-15700,-5.555,205.401
-15600,-5.53,206.564
-15500,-5.702,207.727
-15400,-4.951,208.89
-15300,-4.81,210.053
-15200,-5.203,211.216
-15100,-5.321,212.379
-15000,-4.55,213.542
-14900,-4.67,214.705
-14800,-4.288,215.868
-14700,-3.933,217.031
-14600,-4.276,218.194
-14500,-3.742,219.357
-14400,-4.093,220.52
-14300,-3.678,221.683
-14200,-3.246,222.846
-14100,-2.807,224.009
-14000,-2.356,225.172
-13900,-2.184,226.961
-13800,-2.118,228.828
-13700,-3.02,230.694
-13600,-3.57,232.56
-13500,-4.181,234.427
-13400,-3.551,236.206
-13300,-3.17,236.331
-13200,-3.617,236.455
-13100,-3.776,236.58
-13000,-3.688,236.705
-12900,-3.443,236.829
-12800,-3.323,236.954
-12700,-3.877,237.078
-12600,-4.25,237.203
-12500,-3.743,237.327
-12400,-3.874,237.452
-12300,-4.069,237.576
-12200,-2.896,237.701
-12100,-3.017,237.825
-12000,-2.503,237.95
-11900,-2.645,238.075
-11800,-2.355,238.199
-11700,-1.864,238.614
-11600,-1.594,240.268
-11500,-1.371,241.922
-11400,-0.893,243.576
-11300,-0.419,246.37
-11200,0.616,252.408
-11100,0.09,258.447
-11000,-0.219,263.669
-10900,-0.246,263.433
-10800,-0.395,263.197
-10700,-0.778,262.962
-10600,-0.869,262.726
-10500,-0.767,262.49
-10400,-0.595,262.254
-10300,-0.964,262.018
-10200,0.438,261.782
-10100,-0.526,261.577
-10000,-0.484,261.478
-9900,-0.364,261.378
-9800,-0.81,261.279
-9700,-0.582,261.179
-9600,0.449,261.08
-9500,-0.16,260.98
-9400,-0.81,260.881
-9300,0.013,260.781
-9200,-0.162,260.682
-9100,-0.573,260.582
-9000,-0.553,260.483
-8900,-0.538,260.383
-8800,-0.595,260.284
-8700,0.04,260.184
-8600,-0.711,260.085
-8500,-0.597,259.985
-8400,-0.237,259.886
-8300,-0.667,259.786
-8200,-0.079,259.687
-8100,0.66,259.517
-8000,-0.552,258.881
-7900,-0.901,258.245
-7800,-0.61,257.609
-7700,-0.083,256.973
-7600,0.001,256.337
-7500,-0.02,255.701
-7400,-0.641,255.064
-7300,-0.234,254.785
-7200,-0.015,255.472
-7100,-0.904,256.158
-7000,-0.838,256.845
-6900,-0.849,257.532
-6800,-1.078,258.218
-6700,0.013,258.905
-6600,-0.289,259.591
-6500,-0.4,260.278
-6400,-1.443,260.964
-6300,0.05,261.651
-6200,-0.269,262.25
-6100,0.309,262.497
-6000,-0.681,262.744
-5900,0.391,262.991
-5800,-0.23,263.238
-5700,-0.11,263.485
-5600,0.059,263.733
-5500,0.153,263.98
-5400,0.5,264.227
-5300,0.12,264.474
-5200,-0.261,264.721
-5100,0.16,264.968
-5000,-0.504,265.216
-4900,-0.944,265.463
-4800,0.172,265.71
-4700,-0.819,265.957
-4600,0.154,266.204
-4500,1.13,266.451
-4400,1.13,266.699
-4300,0.616,266.946
-4200,-1.004,267.193
-4100,-0.896,267.44
-4000,-0.717,267.687
-3900,-0.153,267.934
-3800,-0.549,268.879
-3700,0.439,271.241
-3600,0.22,273.113
-3500,-0.646,274.034
-3400,0.041,274.955
-3300,-0.534,275.876
-3200,0.145,276.797
-3100,-0.441,277.718
-3000,-1.114,278.64
-2900,-0.615,279.561
-2800,-0.761,280.482
-2700,-0.836,281.403
-2600,-0.945,282.324
-2500,0.277,283.245
-2400,-1.02,284.166